title,original_price,current_price
Baltmaize Opā 300g,‌,0.39
Auzu Pārslas Tip Top 400g,‌,0.69
Bekons Tip Top Karsti Kūpināts Šķēlēs 100g,‌,1.49
Bietes Tip Top Vārītas Grieztas 500g,‌,0.99
Biezpiens Tip Top 9% 400g,‌,2.49
Cepumi Tip Top Iemīļotie 180g,‌,0.62
Desa Tip Top Auksti Kūpināta 200g,‌,2.49
Desa Tip Top Auksti Kūpināta Šķēlēs 90g,‌,1.19
Eļļa Tip Top Saulespuķu 1l,‌,1.99
Galda Salvetes Opā Baltas 1ply 33x33cm 50gab,‌,0.99
Kabatlakatiņi Tip Top 3 Kārtas 1gab,‌,0.25
Kafija Šķīstošā Tip Top Gold 200g,‌,6.89
Graudainais Biezpiens Tip Top 9% 185g,‌,1.25
D Ūdens Tip Top Dzeramais Gāz.500ml Pet,‌,0.29
Kāposti Tip Top Skābēti Ar Burkāniem 900g,‌,2.19
Kefīrs Tip Top 2% 1kg,‌,1.19
Kečups Tip Top 830g,‌,1.69
Karameles Tip Top Ar Bumbieru Garšu Sver.,‌,3.99
Makaroni Tip Top Spaghetti Nr.7 400g,‌,0.89
Makaroni Tip Top Penne Rigate 400g,‌,0.89
Kukurūzas Nūjiņas Tip Top Saldās 130g,‌,1.29
Nageti Tip Top Cāļa Filejas 300g,‌,1.79
Sausās Brokastis Tip Top Bumbiņas Ar Kakao 200g,‌,0.89
Saldējums Tip Top Šokolādes Garšas Vafeļu Glāzē  65g,‌,0.49
Saldais Krējums Tip Top 35% 200ml,‌,1.09
Salami Tip Top Karsti Kūpināts Šķēlēs 100g,‌,1.29
Baltmaize Opā 300g,‌,0.39
Auzu Pārslas Tip Top 400g,‌,0.69
Bekons Tip Top Karsti Kūpināts Šķēlēs 100g,‌,1.49
Bietes Tip Top Vārītas Grieztas 500g,‌,0.99
Biezpiens Tip Top 9% 400g,‌,2.49
Cepumi Tip Top Iemīļotie 180g,‌,0.62
Desa Tip Top Auksti Kūpināta 200g,‌,2.49
Desa Tip Top Auksti Kūpināta Šķēlēs 90g,‌,1.19
Eļļa Tip Top Saulespuķu 1l,‌,1.99
Galda Salvetes Opā Baltas 1ply 33x33cm 50gab,‌,0.99
Kabatlakatiņi Tip Top 3 Kārtas 1gab,‌,0.25
Kafija Šķīstošā Tip Top Gold 200g,‌,6.89
Graudainais Biezpiens Tip Top 9% 185g,‌,1.25
D Ūdens Tip Top Dzeramais Gāz.500ml Pet,‌,0.29
Kāposti Tip Top Skābēti Ar Burkāniem 900g,‌,2.19
Kefīrs Tip Top 2% 1kg,‌,1.19
Kečups Tip Top 830g,‌,1.69
Karameles Tip Top Ar Bumbieru Garšu Sver.,‌,3.99
Makaroni Tip Top Spaghetti Nr.7 400g,‌,0.89
Makaroni Tip Top Penne Rigate 400g,‌,0.89
Kukurūzas Nūjiņas Tip Top Saldās 130g,‌,1.29
Nageti Tip Top Cāļa Filejas 300g,‌,1.79
Sausās Brokastis Tip Top Bumbiņas Ar Kakao 200g,‌,0.89
Saldējums Tip Top Šokolādes Garšas Vafeļu Glāzē  65g,‌,0.49
Saldais Krējums Tip Top 35% 200ml,‌,1.09
Salami Tip Top Karsti Kūpināts Šķēlēs 100g,‌,1.29
Piens Opā! 2.5% 0.9l,‌,0.75
Šķiņķi Rgk Broileru Bez Kaula Ar Ādu Atdzes. Vakuumā,"5,99 € - 6,25 €",4.99
Šķiņķi Rgk Broileru Bez Kaula Ar Ādu Atdzes. Kārbā,"5,99 € - 6,25 €",4.99
Salami Tip Top Karsti Kūpināta 400g,"0,00 € - 0,00 €",2.49
D Alus Tip Top Bairiņš 4.2% 1l Pet,‌,1.17
D Degvīns Opā 40% 0.5l Pet,‌,6.35
D Minerālūdens Mangaļi Plus Ar Minerālsāļiem Gāz.1l Pet,‌,0.79
Siers Mozzarella Mini Tip Top 100g,‌,1.29
Vīns S.georgian Valleys Alazani Medium Sweet Red 11.5% 0.75l,"9,49 € - 9,67 €",6.79
Vīns B.georgian Valleys Alazani Medium Sweet White 11% 0.75l,"9,49 € - 9,67 €",6.79
Šašliks Lido Cāļa Gaļas 800g,"8,99 € - 9,89 €",7.99
Dūmdesa Rīgas Miesnieks Milano Šķēlēs 100g,"2,29 € - 2,79 €",1.59
Desa Forevers Aknu Čehu 300g,"1,19 € - 1,39 €",0.89
Steiks Rm Cūkgaļas Majonēzes Marinādē 500g,"4,99 € - 5,89 €",3.99
Steiks Rm Cūkgaļas Ar Ķiplokiem 500g,"4,99 € - 5,89 €",3.99
Šokolāde Milka Bubbly Cappuccino 97g,"2,59 € - 3,49 €",1.59
Tamponi Bella For Teens Regular 16gb,"2,99 € - 3,89 €",1.99
Tamponi Bella For Teens Super 16gb,"2,99 € - 3,89 €",1.99
Autiņbiksītes Pampers Pants Mega Quad S4 108gab,"25,99 € - 26,89 €",24.99
Autiņbiksītes Pampers Pants  Mega Quad S5 96gab,"25,99 € - 26,89 €",24.99
Šķīstošais Dzēriens Mokate Kaboom Tropical 30g,"2,19 € - 3,09 €",1.19
Šķīstošais Dzēriens Mokate Kaboom Exotic 30g,"2,19 € - 3,09 €",1.19
Šķīstošais Dzēriens Mokate Kaboom Tutti Frutti 30g,"2,19 € - 3,09 €",1.19
Biezenis Elfik Ābols Banāns 6+ 100g,"1,09 € - 1,29 €",0.79
Biezenis Elfik Ābols Persiks 6+ 100g,"1,09 € - 1,29 €",0.79
Karameles Woogie Sirds Formas Ar  Aveņu Garšu 175g V26,"2,39 € - 3,29 €",1.39
Cepumi Beckys Macarons Veida 130g V26,"5,29 € - 6,19 €",4.29
Dražejas Beckys Lips Un Hearts 55g V26,"2,39 € - 3,29 €",1.39
Želejkonfekte Beckys Lielā Ar Zemeņu Garšu 80g V26,"2,79 € - 3,69 €",1.79
Zefīrs Uz Kociņa Beckys Valentine 55g V26,"1,99 € - 2,89 €",0.99
Zefīrs Uz Kociņa Beckys Valentine 55g V26,"1,99 € - 2,89 €",0.99
Gardmaize Latvijas Maiznieks Dūmu Ar Kūpinatu Gaļu 350g,"2,89 € - 3,39 €",1.59
Siers Mozzarella Formagia Light 125g,"1,99 € - 2,89 €",0.99
Desa Rgk Kvalitātes Standarts Servelāde Pusžāvētā 400g,"3,69 € - 4,59 €",2.69
D Dzēriens Battery Caff Free Original 500ml Can,"1,09 € - 1,15 €",0.89
D Dzēriens Battery Caff Free Strawberry Lime 500ml Can,"1,09 € - 1,15 €",0.89
Konfekšu Kārba Geisha Sirds Forma 190g V26,"7,99 € - 8,89 €",6.99
Tostermaize Fazer Saldskābā Ierauga 500g,"2,69 € - 3,59 €",1.69
Formas Maize Fazer Ierauga Sēklu Klaips 600g,"2,69 € - 3,59 €",1.69
Konfekšu Kārba Roshen Cherry Queen 122g V26,"4,69 € - 5,59 €",3.69
Konfekšu Kārba Mon Cheri Ar Ķiršu Liķieri 157.5g V26,"7,99 € - 8,15 €",6.99
Graudainais Biezpiens Piatnica 5% 200g,‌,0.99
D Alus Brūža Tradicionālais 5% 0.5l,"1,79 € - 1,85 €",1.09
D Dzēriens Coca-cola 4x330ml Can,"2,89 € - 2,99 €",2.19
D Dzēriens Coca-cola Zero 4x330ml Can,"2,89 € - 2,99 €",2.19
Autiņbiksītes Huggies Extra Care S2 3-6kg 58gab,"10,89 € - 11,79 €",9.89
Biezputra Kviešu Kabrita Bumbieru Ābolu Persiku 5+ 180g,‌,5.99
Biezputra 7graudu Ar Kazas Pienu Kabrita Ar Banāniem 6+ 180g,‌,5.99
Biezenis Kabrita Ābols Burkāns 6+ 100g,‌,2.19
Biezenis Kabrita Ābols Banāns Zemene 6+ 100g,‌,2.19
Nageti Tip Top Cāļa Filejas 300g,‌,1.79
Tualetes Papīrs Ruta Dream Touch 4kārtas 8ruļļi,"4,69 € - 5,59 €",3.69
Konjaks Gautier Vsop 40% 0.7l,"33,99 € - 35,69 €",30.99
Mērce Kikkoman Sojas 1l,"10,35 € - 10,45 €",7.19
Mērce Kikkoman Sojas 43% Mazāk Sāls 150ml,"3,69 € - 4,19 €",2.59
Majonēze Mālpils Salātu 250g,"1,09 € - 1,39 €",0.69
Atkr.maisi Tip Top 60l 10gab 30mkr Ldpe Melni 60x78cm,‌,1.19
Majonēze Rositten Provansas 40% 200g,"0,79 € - 0,99 €",0.49
Zefīrs Tip Top Glazēts Ar Vaniļas Garšu 180g,‌,1.99
Gardmaize Latvijas Maiznieks Dabas Ar Sēklām Un Medu 500g,"1,89 € - 2,19 €",1.59
Batoniņš Lila Vanila Ar Piena Pildījumu 30g,‌,0.49
Šokolāde Milka Bubbly Coconut 97g,"2,59 € - 3,09 €",1.59
Šokolāde Milka Oreo Strawberry 92g,"2,59 € - 3,09 €",1.59
Musli Batoniņš Axa Ar Zemeņu Un Jogurta Garšu 25g,"0,49 € - 0,59 €",0.35
Biezpiens Vājpiena Fit! Bez Laktozes 0.5% 400g,‌,1.59
Biezpiens Jaunpils 5% 600g,‌,2.99
Sausās Brokastis Kelloggs Oaties Cocoa Crunch 360g,"5,49 € - 5,99 €",4.49
Sausās Brokastis Kelloggs Special K 335g,"5,09 € - 5,59 €",4.09
Sausās Brokastis Kelloggs Special K Protein 320g,"5,49 € - 5,99 €",4.49
Galda Salvetes Opā Pelēkas 1ply 33x33cm 50gab,‌,0.99
Galda Salvetes Opā Zilas 1ply 33x33cm 50gab,‌,0.99
Galda Salvetes Opā Melnas 1ply 33x33cm 50gab,‌,0.99
Galda Salvetes Opā Brūnas 1ply 33x33cm 50gab,‌,0.99
Galda Salvetes Opā Rozā 1ply 33x33cm 50gab,‌,0.99
Galda Salvetes Opā Dzeltenas 1ply 33x33cm 50gab,‌,0.99
Galda Salvetes Opā Zaļas 1ply 33x33cm 50gab,‌,0.99
Galda Salvetes Opā Baltas 1ply 33x33cm 50gab,‌,0.99
Galda Salvetes Opā Sarkanas 1ply 33x33cm 50gab,‌,0.99
Galda Salvetes Opā Violetas 1ply 33x33cm 50gab,‌,0.99
Vafeļu Trubiņas Beckys Ar Lazdu Riekstu Krēmu 400g,"3,99 € - 4,49 €",3.19
Vafeles Trubiņas Beckys Ar Mandeļu Krēmu 400g,"3,99 € - 4,49 €",3.19
Šerbets Skrīveru Ar Zemesriekstiem 250g,"2,99 € - 3,49 €",2.09
Viskijs Proper No. Twelve 40% 0.7l,"30,99 € - 31,62 €",20.99
Proteīna Batoniņš Barebells Soft Coco Choco 55g,"3,29 € - 3,79 €",2.49
Proteīna Batoniņš Barebells Lemon Cheesecake 55g,"3,29 € - 3,79 €",2.49
Šokolādes Batoniņš Kit Kat Chunky Funky 42g,"1,19 € - 1,39 €",0.89
Vafeļu Batoniņš Alibi Max Dark Crisp 49g,"0,69 € - 0,85 €",0.52
Vafeļu Batoniņš Alibi Max Kokosriekstu 49g,"0,69 € - 0,85 €",0.52
D Dzēriens Mangaļi Vitafruit Aprikožu Gāzēts 500ml Pet,‌,0.59
Makadāmijas Rieksti Y.e.s. 150g,"2,99 € - 3,09 €",2.15
Makadāmijas Rieksti  Y.e.s. Grauzdēti 150g,"3,49 € - 3,99 €",2.39
Makadāmijas Rieksti Y.e.s. Grauzdēti Sālīti 150g,"3,39 € - 3,49 €",2.39
Dz.vīns Sovietskoje Polusladkoje 10% 0.75l,‌,3.09
Galetes Rice Up Ar 7 Super Sēklām Organic 120g,"1,49 € - 1,79 €",1.19
Tortu Krēms Dr.oetker Ar Vaniļas Garšu 105g,"2,39 € - 2,89 €",1.99
Grauzdiņi Mogyi Daudzgraudu Ar Ķiploka Garšu 65g,"1,05 € - 1,25 €",0.75
Grauzdiņi Mogyi Daudzgraudu Ar Bekona Garšu 65g,"1,05 € - 1,25 €",0.75
Viskijs Back To Black Scotch Whiskey 40% 0.7l,"17,49 € - 17,85 €",14.49
Sausmaizītes Obertos Ar Siera Garšu 100g,"1,77 € - 2,39 €",1.29
Sausmaizītes Obertos Ar Galertu Un Mārrutku Garšu 100g,"1,77 € - 2,39 €",1.29
Dateles Dave&jon's Ar Cinnamon Bun Garšu 125g,"2,49 € - 2,99 €",1.99
Dateles Dave&jon's Ar Sour Watermelon Garšu 125g,"2,49 € - 2,99 €",1.99
Dateles Dave&jon's Ar Salted Caramel Peanuts Garšu 125g,"2,49 € - 2,99 €",1.99
Dateles Dave&jon's Ar Fizzy Bottles Garšu 125g,"2,49 € - 2,99 €",1.99
Dateles Dave&jon's Ar Strawberry Milkshake Garšu 125g,"2,49 € - 2,99 €",1.99
Doktordesa Rīgas Miesnieks Bērniem Šķēles 190g,"1,92 € - 1,99 €",1.49
Cāļa Strēmeles Rīgas Miesnieks Maigā Karija Marinādē 400g,"3,89 € - 3,99 €",2.99
Pusspārni Rīgas Miesnieks Cāļa Baltajā Marinādē 400g,‌,1.99
Viskijs Sam Barton Canadian Whisky 40% 0.7l,"16,99 € - 17,35 €",11.99
Brendijs Gran Mirador 7 36% 0.5l,"12,99 € - 13,25 €",9.99
Brendijs Gran Mirador 12 38% 0.5l,"14,99 € - 15,29 €",10.79
Krēmsiers Philadelphia Ar Lasi 175g,"3,69 € - 4,39 €",2.69
Torte Ineses Zemeņu Deserts 600g,"7,59 € - 7,99 €",6.49
Kafijas Pupiņas Lofbergs Crema Ra 1kg,"34,99 € - 35,69 €",17.99
Vistas Karijs Presto Ar Rīsiem 300g,"3,99 € - 4,49 €",2.99
Plovs Presto Ar Cūkgaļu 300g,"3,99 € - 4,49 €",2.99
Pasta Presto Ar Tomātiem Un Liellopu Gaļu 300g,"3,99 € - 4,99 €",2.99
Saldētas Garneles R Seafood Tīr. Ar Asti  26/30 440g,"11,99 € - 12,29 €",9.99
Cepamforma Silikona Gaisa Friterim Saliekma D20cm,"4,99 € - 5,69 €",2.99
Šķidrās Ziepes Dove Glowing Ritual Rezerve 500ml,‌,2.69
Kečups Heinz Pickle Ar Mar.gurķiem 460g,"4,99 € - 5,69 €",2.99
Kečups Heinz Smokey Bacon 460g,"4,99 € - 5,69 €",2.99
Cepetis Rīgas Miesnieks Maltās Gaļas Itāļu Gaumē 500g,"3,09 € - 3,39 €",2.59
Cepetis Rīgas Miesnieks Cūkgaļas Svētku Sver. Fas.,"7,89 € - 7,99 €",5.99
Desa Rīgas Miesnieks Jauda Pilndūmu 210g,"3,59 € - 4,09 €",2.19
Desa Rīgas Miesnieks Spēks Pilndūmu 210g,"3,59 € - 4,09 €",2.19
Desa Lido Ekstra Vārīta Ar Tītara Gaļu 320g,"4,19 € - 4,89 €",2.99
Cāļa Stilbi Ķekava Meistara Marinādē Lielpaka Sver. Fas.,"3,39 € - 3,69 €",2.99
Saldējums Zemnieku Sviesta Cepumu 260g,"3,49 € - 3,99 €",2.59
Saldējums Zemnieku Biezpiena Ķiršu 260g,"3,49 € - 3,99 €",2.59
Saldējums Zemnieku Biezpiena Upeņu 260g,"3,49 € - 3,99 €",2.59
Biezpiena Sieriņš Emma Ar Dzērvenēm 40g,‌,0.29
Kausētais Siers Tere Klasiskais 200g,‌,1.05
Kausētais Siers Tere  Ar Grilētu Vistu  200g,‌,1.05
Kausētais Siers Tere  Ar Trifelēm  170g,‌,1.05
Kausētais Siers Tere  Ar Maurlokiem 200g,‌,1.05
Biezpiena Sieriņš Emma Ar Kondensēto Pienu 40g,‌,0.29
Biezpiena Sieriņš Emma Vaniļas 40g,‌,0.29
Kūka Lido Siera Dubaijas Šokolādes Cepta 350g,"8,69 € - 8,79 €",6.99
D Alus Tērvetes Zaļais 4.4% 0.5lx 6gab.stikls,‌,6.99
D Alus Tērvetes Sarkanais 5.2% 0.5lx 6gab.stikls,‌,7.99
D Dzēriens Vit.perf.pro Fit Vibe 500ml Pet,"1,69 € - 1,72 €",1.09
D Dzēriens Vit.perf.pro Relax 500ml Pet,"1,69 € - 1,72 €",1.09
Tako Fazer Street Food Mīkstie 8gab. 240g,"2,09 € - 2,49 €",1.49
Graudu Maize Fazer Ierauga Sēklu 500g,"1,69 € - 1,99 €",1.39
Sausās Brokastis Tip Top Kvieši Ar Medu 500g,‌,2.29
Cepumi Oreo Vanilla Original 154g,"1,99 € - 2,29 €",1.59
Cepumi Oreo Double Stuff Pocket 157g,"1,99 € - 2,29 €",1.59
Trauku Mazg.līdz.fairy Pure Clean 450ml,‌,1.59
Barība Suņiem Kons.primadog Meža Dzīvn.gaļas Maltīte 600g,"4,79 € - 5,49 €",3.19
Makaroni Opā Penne Rigate 400g,‌,0.50
Makaroni Opā Fusilli 400g,‌,0.50
Makaroni Opā Cornetti Rigati  400g,‌,0.50
Rolāde Ķekava Cāļa Šķiņķa Ar Marinētu Gurķu Garšu 400g,"4,99 € - 5,69 €",3.99
Desa Ādaži Doktora Dūmotā 400g,"2,19 € - 2,49 €",1.89
Barība Kaķiem Kons.zupa Felix Gaļas Izlase 48gx6,"2,99 € - 3,49 €",1.99
Barība Kaķiem Kons.zupa Felix Zivju Izlase 48gx6,"2,99 € - 3,49 €",1.99
Šokolādes Dzēriens Mokate Karalis Lauva Ar Cepumu Garšu 27g,"2,19 € - 3,09 €",1.19
Šokolādes Dzēriens Mokate Karalis Lauva Ar Banānu Garšu 27g,"2,19 € - 3,09 €",1.19
Šokolādes Dzēriens Mokate Karalis Lauva Ar Aveņu Garšu 27g,"2,19 € - 3,09 €",1.19
Raudzēts Piena Produkts Lakto Aveņu Melleņu 450g,‌,1.09
Džins Juniper Island London Dry Gin 40% 0.7l,"23,99 € - 24,47 €",17.99
Desa Tip Top Auksti Kūpināta 200g,‌,2.49
Šokolādes Konfektes Roshen Romashka Sver.,"8,15 € - 10,15 €",6.65
Šampinjoni Frutico Marinēti 290g,"1,89 € - 2,29 €",1.39
Eļļa Bionaturalis Mtc Ekoloģiska 250ml,"12,89 € - 13,39 €",8.99
Eļļa Bionaturalis Rapšu Organic Sprejs 200ml,"5,99 € - 6,09 €",4.19
Eļļa Bionaturalis Saulespuķu Organic Sprejs 200ml,"5,99 € - 6,79 €",4.19
Dz.vīns Le Contesse Prosecco Doc Brut 11% 0.75l,"8,99 € - 9,17 €",6.99
Sardeles Adulio Vārītas Ar Speķi 700g,"4,65 € - 4,99 €",3.29
Saldējums Karlsons Ābolu Upeņu 75g,"0,99 € - 1,19 €",0.59
Jogurts Skyr Islandes Bez Piedevām 400g,"1,85 € - 2,15 €",1.45
Jogurts Müller Mix Ar Vafelēm 130g,"0,99 € - 1,19 €",0.69
Kakao Dzēriens Mokate Karalis Lauva 150g,"2,19 € - 2,69 €",1.49
Kečups Tip Top 830g,‌,1.69
Salami Tip Top Karsti Kūpināts Šķēlēs 100g,‌,1.29
Bekons Tip Top Karsti Kūpināts Šķēlēs 100g,‌,1.49
Rudzu Maize Tip Top 800g,‌,0.99
Želejkonfektes Minpixi 4d Spongebob Pineapapple 125g,"2,29 € - 2,69 €",1.69
Želejkonfektes Minpixi 4d Paw Patrol Orange 125g,"2,29 € - 2,69 €",1.69
Karameles Werthers Original Chewy Toffees 135g,"2,79 € - 2,89 €",1.99
Zefīrs Tip Top Ar Vaniļas Garšu 260g,‌,1.89
Zefīrs Tip Top Dzērveņu  260g,‌,1.89
Konservi Lašu Salāti Kaija Mexicano 160g Eo,"2,09 € - 2,39 €",1.79
Konservi Lašu Salāti Kaija Italiano 160g Eo,"2,09 € - 2,39 €",1.79
Degvīns Smirnoff Red Vodka  37.5% 0.7l,‌,13.59
Burgers Collection Ar Čedaras Sieru 400g,"3,35 € - 3,59 €",2.39
Gurķi Dimdiņi Marinēti Saldskābie 680g,"3,49 € - 3,59 €",2.19
Gurķi Dimdiņi Marinēti Klasiskie 660g,"3,49 € - 3,59 €",2.19
Pasta Rana Svaigā Ar Ricottu Un Spinātiem 250g,"3,49 € - 3,99 €",2.99
Pasta Rana Svaigā Ravioli Ar 4 Sieriem 250g,"3,49 € - 3,99 €",2.99
D Dzēriens Pepsi Max Gāz.2l Pet,‌,1.39
Degvīns Perepjolka Molochna 40% 0.7l,"14,19 € - 14,47 €",10.79
Graudu Maize Tip Top 300g,‌,0.79
Kūciņas Taste Story Eclair 250g,"5,59 € - 6,39 €",3.39
Saldais Biezpiens Baltais Ar Dubaijas Šokolādes Garšu 180g,‌,1.19
Buljons Ķekava Vistas 350ml,"3,79 € - 4,29 €",2.59
Buljons Ķekava Dārzeņu 350ml,"3,79 € - 4,29 €",2.59
Buljons Ķekava Liellopa 350ml,"3,79 € - 4,29 €",2.59
Mērce Ķekava Krēmīgā Ar Citronu Garšu 230ml,"3,99 € - 4,59 €",2.99
Mērce Ķekava Siera Krēmīgā 230ml,"3,99 € - 4,59 €",2.99
Mērce Ķekava Sarkanvīna 230ml,"3,99 € - 4,59 €",2.99
Cāļa Gaļas Izlase Vigesta Karsti Kūpināta 500g,"4,19 € - 4,75 €",2.99
Kafija Šķīstošā Jacobs 2in1 Classic 12.4gx10 Maiss,‌,1.59
Rums Planteray Double Aged Dark 40% 0.7l,‌,16.49
Biezpiens Tip Top 9% 400g,‌,2.49
D Alus Carlsberg 5% 0.5l Stikls,‌,0.99
Kafija Malta Jacobs Brazil&colombia 450g,"15,69 € - 16,99 €",8.99
Kafijas Pupiņas Jacobs Kenya&uganda 1kg,"19,99 € - 33,99 €",17.99
Kafija Malta Jacobs Origs Uganda&kenya 450g,"15,69 € - 16,99 €",8.99
Desiņas Tip Top Mednieku 400g,‌,2.49
Cepamais Pulveris Santa Maria 45g,"0,99 € - 1,05 €",0.72
Citronskābe Santa Maria 32g,"0,69 € - 0,79 €",0.49
Tostermaize Tip Top 500g,‌,0.89
Siers Valio Tilsit Rīvēts 150g,"1,89 € - 2,19 €",1.59
Desa Bauska Cāļa Klasiskā 900g,"1,79 € - 2,09 €",1.29
Cepumi Tip Top Iemīļotie Ar Šokolādes Garšu 180g,‌,0.69
Karameles Tip Top Ar Bumbieru Garšu Sver.,‌,3.99
Marshmallow Tip Top Bbq 500g,‌,4.29
Siers Goat Farm Kazas Piena 130g,"3,59 € - 3,79 €",2.99
Siers Jaunpils Guni 400g,‌,3.59
Želejkonfektes Haribo Worms 100g,"1,45 € - 1,75 €",1.15
Ķīselis Valdo Aveņu 200g,‌,0.69
D Alus Krombacher Hell 5% 0.5l Can,‌,1.49
Siers Sn Cietais Šķēlēs 150g,"2,59 € - 3,09 €",1.99
D Alus Solveza Extra 4.5% 0.33l Stikls,‌,1.05
Šampūns Head & Shoulders 2in1 Menthol 330ml,‌,4.69
Zobu Birste  Oral-b 1-23 Medium.40 1gab.,‌,0.75
Vafeles Tip Top Ar Kakao Garšu 150g,‌,0.99
Vafeles Tip Top Ar Piena Garšu 150g,‌,0.99
Vafeles Tip Top Ar Citrona Garšu 150g,‌,0.99
Sulas Dzēriens Pfanner Fruity Apelsīnu 25% 2l Tetra,"3,29 € - 3,35 €",2.99
Mitrinoša Dušas&vannas Žel.langelica Ar Auzu Pieniņu 500ml,"5,49 € - 6,29 €",3.29
Barojoša Dušas&vannas Žel.langelica Ar Kokosr.pienu 500ml,"5,49 € - 6,29 €",3.29
Čipsi O'byte Kartupeļu Ar Tomātu Garšu 90g,"1,89 € - 1,99 €",1.39
Čipsi O'byte Kartupeļu Ar Krējuma Un Sīpolu Garšu 90g,"1,89 € - 1,99 €",1.39
Pirts Smilšu Pulkstenis 15min 4living,"8,85 € - 10,05 €",6.20
Kēkss Svētku Siguldas Maiznieks Ar Sukādēm 400g,"2,29 € - 2,59 €",1.99
Īpaši Tumša Šokolāde Laima Lukss 87% 90g,‌,2.09
Veļas Mīkstinātājs Lenor Gold Orchid Vanilla 675ml 32mr,‌,3.59
Veļas Mazg.līdz.ariel Sensitive 1.125l 25mr,"10,49 € - 12,49 €",8.29
Veļas Mazg.kapsulas Ariel Color 70gab,‌,18.99
Veļas Mazg.kapsulas Ariel Mountain Spring 30gab,"20,79 € - 21,99 €",12.99
Veļas Mazg.līdz.ariel Mountain Spring 1.125l 25mr,"10,49 € - 12,49 €",8.29
Veļas Mīkstinātājs Lenor Lotus Diamond 987ml 37mr,"6,99 € - 7,99 €",4.79
Veļas Mīkstinātājs Lenor Floral Bouquet 987ml 47mr,"6,99 € - 7,99 €",4.79
Jogurts Farmi Skyr Meža Zemeņu 150g,"1,19 € - 1,49 €",0.79
Jogurts Farmi Skyr Apelsīnu Straciatella 150g,"1,19 € - 1,49 €",0.79
D Alk.kokt. Mix Original Pornstar Martini  4% 0.33l Stikls,‌,1.19
Tumšā Šokolāde Laima Sarkanā Magone 90g,‌,2.09
Kondicionieris Matiem Pantene Intensive Repair Active 275ml,‌,4.29
Skuveklis Gillette Sensor 3 Plus Comfort Ar 8 Kasetēm,"8,49 € - 10,49 €",6.99
D Sidrs Somersby Pineapple Lime 4.5% 0.5l Can,‌,1.49
Siera Uzkoda Ādaži Collection 300g,"2,99 € - 3,29 €",2.59
Siers Holandes Jaunpils Šķēlēs 300g,"2,99 € - 3,29 €",2.59
Pirts Cepure Rento Brūna,"9,99 € - 11,19 €",6.99
Termometrs Pirtij 4living Koka,"3,99 € - 4,49 €",2.79
Birste Ķermenim Rento Bamboo,"9,99 € - 12,29 €",6.99
Sautējums William Saurin Pupiņu Ar Pīli 400g,‌,3.69
Sautējums William Saurin Vistas Ar Sēņu Mērci 400g,‌,3.69
Sautējums William Saurin Cūkgaļas Ar Lēcām 400g,‌,3.69
Vista Krējuma Mērcē William Saurin Ar Makaron. Un Sēnēm 280g,‌,3.69
Sautējums William Saurin Teļa Gaļas Un Dārzeņu 280g,‌,3.69
Sautējums William Saurin Truša Baltvīna Mērcē 300g,‌,3.69
Veļas Mazg.kapsulas Ariel Color 30gab,"20,79 € - 22,99 €",12.99
D Dzēriens Biola Mojito Zemeņu Gāz. 500ml Pet,"0,89 € - 0,92 €",0.65
Mērce Dimdiņi Cēzara Maigā 250g Stāvpaka,"2,89 € - 3,39 €",1.89
Graudainais Biezpiens Tip Top 9% 185g,‌,1.25
Graudainais Biezpiens Tip Top 0.5% 185g,‌,1.15
Desiņas Ādaži Grill Collection Chedarwurst 350g,"2,99 € - 3,49 €",2.24
D Minerālūdens Acqua Panna Negāz. 1l Pet,‌,1.09
Vermuts Martini Fiero 15% 1l,"15,69 € - 16,32 €",11.99
D Dzēriens Royal Club Indian Tonic 1.0l Pet,"1,89 € - 1,93 €",1.09
D Dzēriens Royal Club Pink Tonic 1.0l Pet,"1,89 € - 1,93 €",1.09
Šķidrās Ziepes Dagne Bārbele 500ml,‌,1.39
D Enerģijas Dzēr.cult Game Changer 500ml Can,‌,0.89
Desiņas Ādaži Mini Grill Collection Bbq 250g,"2,29 € - 2,59 €",1.94
Mitrās Salvetes Pampers Harmonie Aqua Pf 48gab,‌,2.54
Mitrās Salvetes Pampers Sensitive Pf 52gab,‌,1.69
Sulas Dzēriens Elmenhorster Sark.augļu Mix 20% 2l,"2,89 € - 2,99 €",2.39
D Minerālūdens Hohes C Antiox V.gāz.zem. Greip.750ml Pet,"2,29 € - 2,34 €",1.69
D Minerālūdens Hohes C Protect V.gāz. Laims Ingv. 750ml Pet,"2,29 € - 2,34 €",1.69
Vīns B. Teliani Valley Pirosmani White 11% 0.75l,"8,49 € - 8,65 €",5.99
Vīns S. Teliani Valley Pirosmani 11.5% 0.75l,"8,49 € - 8,65 €",5.99
Kafijas Kapsulas Aroma Gold Crème Brulee 256g,"7,59 € - 8,49 €",5.39
D Dzēriens Super Manki Bubblegum Gāz. 330ml Can,"1,09 € - 1,12 €",0.69
Siers Jaunpils Tilsiter Šķēlēs 300g,"2,99 € - 3,29 €",2.59
Vīns S. Argo Alazani Valley Medium Sweet Red 11.5% 0.75l,"7,99 € - 8,15 €",5.29
Vīns B. Argo Alazani Valley Medium Sweet White 11.5% 0.75l,"7,99 € - 8,15 €",5.29
Kotlešu Masa Rīgas Miesnieks Mājas 400g,"1,99 € - 2,29 €",1.59
Cāļa Fileja Rīgas Miesnieks Sulīgā ~600g,"7,49 € - 9,49 €",5.99
Vīns B. Crafted Collection Pinot Grigio 11.5% 0.75l,"7,69 € - 7,85 €",5.29
Vīns B. Tarapaca Biodiversity Pinot Grigio 12.5% 0.75l,"8,59 € - 8,77 €",5.99
Vīns S. Tarapaca Biodiversity Red Blend 13.5% 0.75l,"8,59 € - 8,77 €",5.99
Humoss Ribella Pikantais 200g,"2,15 € - 2,39 €",1.59
Humoss Ribella Klasiskais 200g,"2,15 € - 2,39 €",1.59
D Sulas Dzēriens Granini Greipfrūtu 45% 1l Pet,"3,99 € - 4,29 €",3.19
Graudainais Biezpiens Smiltene 9% 200g,‌,1.39
Graudainais Biezpiens Smiltene 0.5% 200g,‌,1.29
Jogurts Valmiera Grieķu 0% Bez Laktozes 350g,‌,1.39
Jogurts Valmiera Krēmīgais 7% Bez Laktozes 350g,‌,1.39
Nūdeles Santa Maria Olu 250g,‌,1.49
Sinepes Tip Top  260g,‌,1.39
Saldējums Pols Ar Cepumiem Uz Kociņa 70g,"1,09 € - 1,29 €",0.79
Dušas Želeja Dove Men Clean Comf.400ml,"4,99 € - 5,29 €",2.99
Dušas Želeja Dove Men+care Cool Fresh 400ml,"4,99 € - 5,29 €",2.99
Saldējums Mr.big Zemeņu Un Vaniļas Glazūrā 84g,"1,19 € - 1,49 €",0.79
Saldējums Magnum Double Cherry 71g,‌,1.29
Saldējums Magnum Double Hazelnut 71g,‌,1.29
Dezodorants  Dove  Invisible Dry Sausais 50ml,‌,2.89
Cepamforma Kēksiņiem 12gab Zeltīta 39.6x29.7x3.5cm,"7,99 € - 8,89 €",4.79
Cepamforma Kukulītis Zeltīta 29x17x6.3cm,"5,99 € - 6,79 €",3.59
Cepamforma Kūkām Apaļa Ar Noņemamu Apakšu D28xh7cm,"8,99 € - 10,19 €",5.39
Cepamforma Kūkām Kantaina Ar Noņemamu Apakšu 24x24x6.6cm,"8,99 € - 10,19 €",5.39
Cepamforma Kūkām Apaļa D24.5x4.3cm,"3,99 € - 4,49 €",2.39
Cepamforma Panna Seklā Zeltīta 37x26cm,"5,99 € - 6,79 €",3.59
Biezpiens Opā! Vājpiena 0.5% 170g,‌,0.69
Biezpiens Opā! 9% 170g,‌,0.75
Panna Ar Vāku Optima Nepiedegošs Pārkl. D28cm,"25,99 € - 27,59 €",15.59
Katls  Ar Vāku Maku Basic Nerūsējošā Tēr.3l,"20,99 € - 26,79 €",12.59
Cepamtrauks Maku Keramikas Ar Vāku D12 0.38l,"7,99 € - 8,89 €",4.79
Katls Ar Vāku Maku Deal Melns D16 1.7l,"13,99 € - 14,49 €",8.39
Katls Ar Vāku Maku Deal Melns D20 2.2l,"19,99 € - 21,19 €",11.99
Katls Ar Vāku Maku Deal Melns D24 4.2l,"25,99 € - 26,79 €",15.59
D Dzēriens Fanta Lemon Zero 500ml Pet,"1,35 € - 1,38 €",0.85
D Enerģijas Dzēr. Monster Ultra Strawberry Dreams 500ml Can,"1,75 € - 1,83 €",0.99
D Dzēriens Fanta Tutti Frutti 500ml Pet,"1,35 € - 1,38 €",0.85
Cepamformiņas Keksiņiem Misty Silikona D6.5 12gab,"5,99 € - 6,59 €",4.19
Cepamformiņas Riekstiņiem Delicia 24gab.,"5,49 € - 6,29 €",4.49
Panna Magnat Ilag Premium Pārklājums D22cm,"18,99 € - 20,19 €",15.99
Tējkanna Ar Svilpi Melna 2l,"12,99 € - 13,49 €",9.29
Pudiņš Alma Ar Maskarpone Un Aveņu Garšu 230g,‌,0.89
Stilbi Ķekava Cāļu Bez Locītavas 500g,‌,2.09
Nageti Ādaži Cāļa Gaļas Ar Sieru 300g,"2,89 € - 3,39 €",1.99
Gardums Suņiem Yumzzybites Trušu Čipsi 75g,"1,99 € - 2,29 €",1.49
D Dzēriens Vit.oshee Minerāļi Vīnogu Pit. Negāz. 555ml Pet,"1,59 € - 1,62 €",0.99
"Cālis Rīgas Miesnieks Atdzesēts ~1,5kg Fas.sver.",‌,3.59
D Dzēriens Vit.oshee Magnijs Citr.apels.negāz. 555ml Pet,"1,59 € - 1,62 €",0.99
Gulašs Rīgas Miesnieks Cūkgaļas 380g,‌,2.29
Cāļu Gaļa Rīgas Miesnieks Trīs Sieru Marinādē 400g,"3,39 € - 3,69 €",2.99
Cūkgaļas Karbonāde Rīgas Miesnieks Sulīgā Fas.sver.,"5,49 € - 5,99 €",3.99
Siers Valio Tilsit 500g,"4,49 € - 4,89 €",3.99
Kukurūzas Nūjiņas Tip Top Saldās 130g,‌,1.29
Kukurūzas Nūjiņas Tip Top Ar Citrona Garšu 130g,‌,1.29
Kukurūzas Nūjiņas Tip Top Ar Iebiezināto Pienu 130g,‌,1.29
Sautējums Bla Band Rīsu Hawaiian Ar Garšvielām 195g,"3,99 € - 4,09 €",2.99
Sautējums Bla Band Makaronu Italian Ar Garšvielām150g,"3,99 € - 4,09 €",2.99
Sautējums Bla Band Rīsu Meksikas Ar Garšvielām 188g,"3,99 € - 4,09 €",2.99
Veļas Mazg.kapsulas Purox Color 20gab,"4,49 € - 5,19 €",3.35
Veļas Mazg.kapsulas Purox Universal 20gab,"4,49 € - 5,19 €",3.35
Veļas Mazg.kapsulas Purox Color Gel 35gab,"8,99 € - 10,19 €",6.75
Veļas Mazg.kapsulas Purox Universal Gel 35gab,"8,99 € - 10,19 €",6.75
Veļas Mazg.līdz.purox Color 1l,"2,09 € - 2,19 €",1.55
Veļ.mašīnas Tīr.līdz.purox Silver Box 250ml,"2,79 € - 3,29 €",2.09
Nūdeles Knorr Ramen Pikantās Vistas 63g,"1,09 € - 1,15 €",0.69
Nūdeles Knorr Ramen Ar Vistas Garšu Saldskābā Mērcē 65g,"1,09 € - 1,15 €",0.69
Gardums Suņiem Yumzzybites Jēra Nūjiņas 75g,"1,89 € - 1,99 €",1.49
Gardums Suņiem Yumzzybites Liellopa Strēmelītes 75g,"1,89 € - 1,99 €",1.49
Konservi Šprotes Old Riga Tomātu Mērcē 250g Stikls,"4,59 € - 4,99 €",3.45
Konservi Šprotes Old Riga Eļļā 250g Stikls,"4,59 € - 4,99 €",3.45
Šokolāde Kit Kat Salted Caramele 99g,"2,79 € - 3,29 €",1.99
Šokolāde Kit Kat Hazelnut 99g,"2,79 € - 3,29 €",1.99
Šokolāde Kit Kat Double Chocholate 99g,"2,79 € - 3,29 €",1.99
Griķi Tip Top 800g,‌,1.38
Auzu Pārslas Tip Top 400g,‌,0.69
Desa Ādaži Cacciatore Auksti Kūpināta 200g,"2,69 € - 2,79 €",2.19
Desa Ādaži Nordland Auksti Kūpināta 200g,"2,99 € - 3,09 €",2.19
Sausās Brokastis Tip Top Candy Rings 200g,‌,1.09
Trauku Mazg.līdz.mayeri Aloe Vera 500ml,"1,69 € - 1,99 €",1.39
Veļas Mazg.līdz.kastanis Color Lavanda 3in1 1.8l,"8,99 € - 9,99 €",5.39
Veļas Mazg.līdz.kastanis Efekts 3in1 1.8l,"8,99 € - 9,99 €",5.39
Biezpiena Sieriņš Alma Vaniļas 40g,"0,59 € - 0,79 €",0.29
D Alus Mežpils Tradicionālais 5% 0.5l Stikls,‌,0.95
Grūbas Zelta Saule 1kg,‌,0.85
Saldais Krējums Tip Top 35% 200ml,‌,1.09
Vates Plāksnītes Tip Top 120gab,‌,1.19
Prjaņiki Ar Ķiršu Pildījumu 500g,‌,1.49
Ribas Rm Amerikāņu Bbq 900g,"12,99 € - 13,99 €",7.99
Piena Šokolāde Milka Ar Veseliem Lazdu Riekstiem 95g,"1,99 € - 2,29 €",1.69
Sald. Maizītes Latvijas Maiznieks Kanēļa 800g,‌,5.99
Siers Sn Mozzarella Rīvēts 200g,"2,99 € - 3,49 €",2.39
Siers Tip Top Maasdamer Šķēlēs 150g,‌,1.89
D Dzēriens Coca Cola Cherry Gāz.1l Pet,"1,85 € - 1,93 €",1.15
Rudzu Maize Hanzas Maiznīcas Tumšās Šķēles 450g,"1,65 € - 1,79 €",0.99
Rudzu Maize Hanzas Maiznīcas Tumšās Sēklu Šķēles 450g,"1,79 € - 2,09 €",0.99
Biezpiena Krēms Baltais Protein Zemeņu 200g Stāvpaka,"1,59 € - 1,89 €",1.29
Biezpiena Krēms Baltais Protein Vaniļas 200g Stāvpaka,"1,59 € - 1,89 €",1.29
Zefīrs Woogie Marshmallows Sirsniņas 200g V26,"1,99 € - 2,19 €",1.29
Gardmaize Latvijas Maiznieks Sēļu Ar Ķimenēm 400g,‌,0.99
Kafijas Pupiņas Jacobs Selection Of The Year 1kg,"29,99 € - 31,19 €",17.99
Uzkoda Ādaži Cāļa Filejas 310g,"2,59 € - 2,89 €",2.19
Pastēte Nākotne Tīģerīši 180g,"1,99 € - 2,29 €",1.39
Pastete Lido Mājas 170g,"2,39 € - 2,89 €",1.89
Tēja Augļu Loyd Ar Aveņu Un Citrona Garšu Pyramids 2gx20,"2,49 € - 2,79 €",2.09
Biezenis Elfik Ābols Mango 5+ 100g,"1,09 € - 1,29 €",0.79
Biezenis Elfik Ābols Bumbieris Persiks Banāns 6+ 100g,"1,09 € - 1,29 €",0.79
Eļļa Kikkoman Sezama 100% 125 Ml,"4,39 € - 4,45 €",2.99
Biezenis Elfik Ābols Banāns Ar Putru 6+ 110g,"1,09 € - 1,29 €",0.79
Biezenis Elfik Ābols Persiks Ar Putru 6+ 110g,"1,09 € - 1,29 €",0.79
Saulespuķu Sēklas Mogyi Strīpainas Grauzdētas Ar Sāli 150g,"1,69 € - 2,15 €",0.99
Saulespuķu Sēklas Mogyi Strīpainas Grauzdētas Ar Dillēm 140g,"1,69 € - 2,15 €",0.99
Konjaks Meukow Deluxe 40% 0.35l,‌,14.99
Degvīns Berjozovaja Rošča 40% 1l,"19,99 € - 20,39 €",13.99
Šampūns Dušas Želeja Neutral Baby 250ml 0+,"3,99 € - 4,99 €",2.89
Dzija Atstarojoša 90% Akrils 10% Poliesters T.pelēka 100g,"4,69 € - 5,49 €",3.29
Dzija Atstarojoša 90% Akrils 10% Poliesters Melna 100g,"4,69 € - 5,49 €",3.29
Dzija Atstarojoša 90% Akrils 10% Poliesters Rozā 100g,"4,69 € - 5,49 €",3.29
Dzija Atstarojoša 90% Akrils 10% Poliesters Balta 100g,"4,69 € - 5,49 €",3.29
Šūšanas Piederumu Ceļojumu Komplekts 15gab,"1,59 € - 1,85 €",1.29
Mērlente 1.1cmx150cm,"0,99 € - 1,09 €",0.69
Dzija Alpaca Royal New 30% Vilna 15% Alpaka 55% Akrils,"4,19 € - 4,99 €",2.92
Mulinē Diegs 7m,"0,49 € - 0,79 €",0.35
Dzija Wooltime Zeķu Rupja 75% Vilna 25% Poliamīds,"5,55 € - 6,89 €",4.17
Dzija Macrame 100% Poliesters 90g 130m,"2,55 € - 3,05 €",1.92
Dzija Macrame Cotton 80% Kokvilna 20% Poliesters 250g 225m,"4,99 € - 5,69 €",3.75
Dzija Milano 50g,"2,65 € - 3,15 €",1.99
Dzija Puffy Fine 100% Mikropoliesters 100g,"3,29 € - 3,79 €",2.47
Dzija Tweed 30% Vilna 65% Akrils 5% Viskoze 100g,"4,59 € - 5,29 €",3.22
Dzija Peru Color 25% Alpaka 25% Vilna 50% Premium Akrils 100,"5,59 € - 6,39 €",4.19
Gumija Ieveramā 2cm Balta 2m,"1,99 € - 2,15 €",1.39
Mērce Spilva Asia Saldskābā 350g,"3,09 € - 3,59 €",2.59
Mērce Spilva Street Food Terijaki 335g,"3,09 € - 3,59 €",2.59
Mērce Kikkoman Ramen 250ml,"5,99 € - 7,39 €",4.99
Mērce Kikkoman Sushi Bez Glutēna 345g,"5,19 € - 5,59 €",3.49
Kafijas Pupiņas Illy Medium Roast 250g,"13,29 € - 13,79 €",8.49
Tumšā Šokolāde Lindt Excellence Kakao 70% 100g,"4,89 € - 5,79 €",3.89
Biezenis Rūdolfs Lazanja Ar Jaunlopa Gaļu 8+ 190g,"1,89 € - 2,19 €",1.59
Skābais Krējums Tip Top 20% 400g,‌,1.49
Gardmaize Latvijas Maiznieks Augļu Ar Riekstiem 500g,"2,99 € - 3,25 €",2.49
Pudiņš Fit Proteīna Ar Sāļo Karameli 150g,"1,49 € - 1,79 €",1.09
Pudiņš Fit Proteīna Vaniļas 150g,"1,49 € - 1,79 €",1.09
Pudiņš Augu Izcelsmes Deary Kokosa Ar Čia Sēklām 150g,"1,19 € - 1,39 €",0.89
Proteīna Smūtijs Blumpower Šokolāde Banāns 460g,‌,1.79
Papīra Dvieļi Renova Maxi Absorption Xxl Extra 2kārtas 2ruļļ,‌,2.09
Desiņas Tarczynski Cūkgaļas Ar Bbq Mērces Pildījumu 95g,"2,69 € - 2,99 €",2.19
Desiņas Tarczynski Cūkgaļas Ar Čedaras Siera Pildījumu 95g,"2,69 € - 2,99 €",2.19
Jogurts Kārums Bifido Ar Avenēm Un Musli 350g,‌,1.19
Jogurts Kārums Bifido Ar Sēklām Un Ar Graudiem 350g,‌,1.19
D Alus Valmiermuiža Naukšēnu Sendienu 4.5% 0.5l Stikls,‌,1.95
Pussparni Ķekava Īpašā Siera Marinādē 500g,"3,39 € - 3,69 €",2.99
Dzēriens Tymbark Auzu Barista Karameļu 1l,‌,2.49
Siers Fitaki Salātiem 500g,"5,99 € - 6,79 €",4.99
Biezpiena Sieriņš Fit Proteīna Zemeņu 46g,"0,69 € - 0,82 €",0.55
Biezpiena Sieriņš Fit Proteīna Vaniļas 46g,"0,69 € - 0,82 €",0.55
Mērce Pūre China Grill 280g,"1,99 € - 2,29 €",1.49
Biezpiens Baltais Exporta 9% 250g,"1,79 € - 2,09 €",1.49
Biezpiens Baltais Exporta Vājpiena 0.5% 250g,"1,79 € - 2,09 €",1.49
Siers Burrata Granarolo 125g,‌,1.99
Gardmaize Latvijas Maiznieks Senču Ar Ķimenēm 500g,"1,89 € - 2,19 €",1.59
Kafija Šķīstošā Jacob Cronat Inst Fd 150g,‌,5.29
Kafija Šķīstošā Jacobs 3in1 12.6g 1gab,"0,35 € - 0,45 €",0.19
Kafija Šķīstošā Jacobs 2in1 12.4g 1gab,"0,35 € - 0,45 €",0.19
Kafija Šķīstošā Jacobs 3in1 Mild 11.1g 1gab,"0,35 € - 0,45 €",0.19
Karbonāde Nākotne Karsti Kūp.fas. Sver.,"8,49 € - 10,49 €",6.99
Karbonāde Nākotne Karsti Kūp. Sver.,"8,49 € - 10,49 €",6.99
Biezenis Spilva Ābolu Oriģinālais 300g,"1,85 € - 1,95 €",1.39
Biezenis Spilva Ābolu Ar Mango Un Saldo Krējumu 300g,"2,15 € - 2,65 €",1.49
Biezenis Spilva Ābolu Oriģinālais Ar Saldo Krējumu 300g,"2,05 € - 2,55 €",1.45
Biezenis Spilva Ābolu Ar Persikiem Un Saldo Krējumu 300g,"2,15 € - 2,65 €",1.45
Biezenis Spilva Ābolu Ar Mellenēm Un Saldo Krējumu 300g,"2,15 € - 2,65 €",1.49
Tīr.līdzeklis Domestos Tualetei Citrus 750ml,‌,1.99
Ķīselis Valdo Dzērveņu 200g,‌,0.69
Tīr.līdzeklis Domestos Tualetei Atlantic 750ml,‌,1.99
Rīvmaize Kikkoman Panko Kraukšķīga 227g,"4,39 € - 4,49 €",2.99
D Alus Bezalk.lielvārdes Gaišais 0.5l Stikls,‌,0.79
Nūdeles Maggi Magic Asia Ar Pikantās Vistas Garšu 63g,"1,99 € - 2,19 €",1.49
Nūdeles Maggi Magic Asia Ar Pīles Garšu 63g,"1,99 € - 2,19 €",1.49
Karameles Zozole Ar Apelsīnu Citronu Garšu 75g,"0,99 € - 1,19 €",0.69
Dušas Želeja Dove  Deeply Nourishing 225ml,‌,2.89
Biezpiena Sieriņš Alma Ar Aveņu Pildījumu 40g,"0,59 € - 0,79 €",0.29
Giross Nākotne Vistas Cepts  220g,"3,79 € - 4,29 €",2.69
Olas Balticovo Brīvo Vistu Nr1 Aml 10gab,"3,49 € - 3,99 €",2.99
Raudzēts Piena Produkts Lakto Aveņu Bezlaktozes 200g,‌,0.79
Raudzēts Piena Produkts Lakto Meža Zemeņu Bezlaktozes 200g,‌,0.79
Kefīrs Tip Top 2% 1kg,‌,1.19
St.alk.dz.bonaparte Black 36% 0.5l,‌,7.29
Vīns B. Chapel Hill Pinot Grigio 12% 0.75l,"7,19 € - 7,32 €",5.19
Vīns S. Chapel Hill Merlot 12% 0.75l,"7,19 € - 7,32 €",5.19
Košļājamā Konfekte Chupa Chups Incredible Chew Zemene 45g,"1,29 € - 1,49 €",0.99
Dražejas M&ms Zemesriekstu 200g,"4,75 € - 5,45 €",3.09
Veļas Mazg.kapsulas Persil Discs Color 13gab,"7,49 € - 9,49 €",5.99
Veļas Mazg.kapsulas Persil Discs Universal 13gab,"7,49 € - 9,49 €",5.99
Panna Fiskars  Keramikas Pārklājums 24cm,"40,99 € - 42,09 €",32.79
Panna Fiskars Keramikas Pārklājums 26cm,"46,99 € - 47,99 €",37.59
Tēja Zāļu Opā Kumelīšu 1.2gx20,‌,0.43
Tēja Zāļu Opā Piparmētru 1.5gx20,‌,0.43
Trifeles Ar Apelsīnu Mango Krēma Pildījumu  148g,"4,99 € - 5,69 €",3.49
Kafijas Pupiņas Merrild Crema Dolce 1kg,‌,19.49
Foreles Fileja Zigmas Auksti Kūpināta Sagriezta 100g,"3,39 € - 3,69 €",2.99
Siļķu Fileja Kaija Matje Eļļā 250g,"2,29 € - 2,59 €",1.99
Makrele Kaija Auksti Kūpināta B/g Sagriezta Vak.250g,‌,3.79
Gurķi Nezhin Marinēti 5-7cm 450g,‌,1.89
Ķiršu Tomāti Nezhin Marinēti 450g,‌,2.29
Kabaču Ikri Nezhin 450g,‌,1.79
Pupiņas Heinz Piecu Veidu Maisījums Tomātu Mērcē 415g,‌,1.79
Ratatujs Nezhin 450g,‌,2.29
Košļājamā Konfekte Chupa Chups Incredible Chew Apelsīns 45g,"1,29 € - 1,49 €",0.99
Gardums Suņiem Primadog Vistas Un Jēlādas Kociņi 11gab.100g,"5,39 € - 5,69 €",3.69
Barība Kaķiem Sausā Tropi Mājputns 2kg,‌,3.19
Barība Kaķiem Kons.tropi Liell.mājputn.g.lasis 100gx6,‌,1.49
Smiltis Kaķiem Puffy Tail Silikagela 10l,‌,7.99
Barība Kaķiem Kons.friskies Gaļas Izlase.85gx12,"6,99 € - 7,99 €",3.39
Barība Kaķiem Sausā Friskies Junior Ar Vistas Gaļu 300g,"1,65 € - 1,95 €",1.35
Barība Kaķiem Kons.felix Tasty Shreds Gaļas Izlase 80gx4,"1,89 € - 2,19 €",1.59
Barība Kaķiem Kons.felix Tasty Shreds Zivju Izlase 80gx4,"1,89 € - 2,19 €",1.59
Barība Kaķiem Sausā Friskies Steriliz. Lasis-dārzeņi 300g,"1,65 € - 1,95 €",1.35
Biezpiena Krēms Alma Ar Zemenēm Un Zefīra Garšu 150g,"0,95 € - 1,15 €",0.65
Jogurta Dzēriens Actimel Zemeņu Kazeņu Melleņu 12x100g,"5,99 € - 6,79 €",3.99
Saldskābmaize Fazer Ierauga 500g,"1,69 € - 1,99 €",1.39
Makaroni Balticovo Olu Vermicelli 500g,"1,69 € - 1,99 €",1.39
Makaroni Balticovo Olu Cellentani 500g,"1,69 € - 1,99 €",1.39
Makaroni Balticovo Olu Fusilli 500g,"1,69 € - 1,99 €",1.39
Makaroni Balticovo Olu Spaghetti 500g,"1,69 € - 1,99 €",1.39
D Sidrs Lielvārdes Bumbieru 4.8% 0.5l Stikls,"1,99 € - 2,09 €",1.25
D Sidrs Lielvārdes Upeņu 4.8% 0.5l Stikls,"1,99 € - 2,09 €",1.25
Gaisa Atsv.ambi Pur Ocean Mist 185ml,‌,3.29
Konservi Tuncis Kaija Eļļā Ar Zaļ.pipar. Un Citr. 160g Tl,"3,69 € - 4,09 €",2.79
Konservi Lasis Kaija Tomātu Mērcē Zupas Izlase 240g Eo,‌,1.29
Želejkonfektes Vidal Skābās Varavīksnes Zīmuļi 90g,"1,49 € - 1,79 €",0.99
Kafija Šķīstošā Nescafe Strong 3in1 16gx10 160g Maiss,"2,29 € - 2,59 €",1.99
Veļas Mazg.līdz.rex Color 900ml 20mr,"6,99 € - 7,15 €",4.89
Veļas Mazg.līdz.rex Universal 900ml 20mr,"6,99 € - 7,15 €",4.89
Porciju Maize Schulstad Hotdogu 180g,"1,99 € - 2,09 €",1.39
Jogurts Baltais Grieķu Ar Mellenēm 160g,"1,09 € - 1,39 €",0.79
Jogurts Baltais Grieķu Persiku 160g,"1,09 € - 1,39 €",0.79
Kafija Šķīstošā Tip Top Gold 200g,‌,6.89
Kafija Šķīstošā Tip Top Classic 200g,‌,6.29
Tofu Deary Deserts Glazēts Ar Dzērveņu Garšu 40g,"0,59 € - 0,69 €",0.39
Kafijas Pupiņas Jacobs Origins Brazil Columbia 1kg,"28,99 € - 30,19 €",17.99
Šķēres Šūšanai 12cm,"1,49 € - 1,79 €",1.05
Šūšanas Piederumu Komplekts Diegi Un Adatas 32gab,"1,99 € - 2,29 €",1.39
Sald. Pankūkas Viči Ar Gaļu 280g,"2,09 € - 2,39 €",1.79
Košļājamā Gumija Orbit Bottle Watermelon 46gab,‌,2.79
Košļājamā Gumija Orbit Bottle White Fresh Mint 46gab,‌,2.79
Reņģes Antares 1kg,"3,69 € - 4,09 €",3.19
Kūka Staburadze Tiramisu 280g,"3,79 € - 4,19 €",3.29
D Alus Kokteilis Solveza Mojito 4.5% 0.33l Stikls,‌,1.05
Želeja Dr.oetker Ar Persiku Garšu 72g,"1,45 € - 1,49 €",1.16
Želeja Dr.oetker Ar Meža Zemeņu Garšu 72g,"1,45 € - 1,49 €",1.16
Garšviela Santa Maria Citronpipari 33g,"1,62 € - 1,89 €",1.19
Ūdens Tip Top Dzeramais Negāz.5l Pet,‌,0.89
D Ūdens Tip Top Dzeramais Gāz.1.5l Pet,‌,0.35
D Ūdens Tip Top Dzeramais Negāz.1.5l Pet,‌,0.35
D Ūdens Tip Top Dzeramais Sport Negāz.500ml Pet,‌,0.32
D Ūdens Tip Top Dzeramais Gāz.500ml Pet,‌,0.29
D Alk.kokt.garage Hard Tropical 6% 0.5l Can,‌,1.49
D Alk.kokt.garage Hard Orange 6% 0.5l Can,‌,1.49
Kafija Malta Jacobs Kronung 250g,‌,4.99
D Sidrs Iļģuciema Ābolu 5.7% 0.33l Stikls,"1,89 € - 2,05 €",1.59
D Sidrs Iļģuciema Ābolu& Ķiršu 5.7% 0.33l Stikls,"1,89 € - 2,05 €",1.59
Veļas Mazg.kapsulas Rex Lotus Universal 13gab,‌,4.89
Veļas Mazg.kapsulas Rex Orchid Color 13gab,‌,4.89
Vaniļas Pasta Dr.oetker 19g,"4,29 € - 4,99 €",2.59
Desa Noo Parmezāna Pilndūmu 250g,"3,39 € - 3,69 €",2.99
Bekons Rakvere Amerikāņu Gaumē Auksti Kūpināts Šķēlēs 1kg,"15,59 € - 16,39 €",10.99
D Alk.kokt. Mix Original Vodka & Watermelon 4% 0.33l Stikls,‌,1.15
D Alk.kokt. Mix Original Gin&mango 4% 0.33l Stikls,‌,1.15
D Alk.kokt. Mix Original Gin&passion Fr 4% 0.33l Stikls,‌,1.15
Kefīrs Opā! 2% 900g,‌,0.89
Desa Rīgas Miesnieks Doktora Ekstra Sver.,"5,99 € - 6,49 €",4.99
Konfektes Roshen Korivka Sver.,"6,55 € - 7,05 €",5.55
Gaļa Nākotne Azaida Fas. Sver.,‌,6.99
Gaļa Nākotne Azaida Sver.,‌,6.99
D Alus Piebalgas Mērnieku 4.7% 0.5l Can,‌,0.99
Piena Šokolāde Laima Vāverīte Ar Veseliem Lazdu Riekst.190g,"4,99 € - 5,29 €",3.49
Baltmaize Fazer Ierauga 500g,"1,79 € - 2,09 €",1.49
Plāksnītes Kartupeļu Hroom Ar Siera Garšu 50g,"0,69 € - 0,89 €",0.39
Plāksnītes Kartupeļu Hroom Krējums Zaļumi 50g,"0,69 € - 0,89 €",0.39
Plāksnītes Kartupeļu Hroom Ar Krabja Garšu 50g,"0,69 € - 0,89 €",0.39
D Alk.kokt.tip Top Upenīte 14% 0.5l Pet,‌,1.79
D Alk.kokt.tip Top Citrusiņš 14% 0.5l Pet,‌,1.79
Karameles Tip Top Ar Bārbeļu Garšu Sver.,‌,3.99
Sausās Brokastis Oho Sea Party 250g,"2,19 € - 2,59 €",1.69
Sausās Brokastis Oho Beach Party 250g,"2,19 € - 2,59 €",1.69
Dražejas M&ms Minis 176g,"4,75 € - 5,45 €",3.09
Raudzēts Piena Produkts Lakto Meža Zemene Bezlaktozes 270g,‌,0.99
Raudzēts Piena Prod Lakto Mellene Banāns Linsēk Bezlakt 270g,‌,0.99
Raudzēts Piena Produkts Lakto Zemene Mango Bezlaktozes 270g,‌,0.99
Raudzēts Piena Produkts Lakto Dabisks Bezlaktozes 270g,‌,0.99
D Dzēriens Pepsi Gāz.440ml Can,"1,29 € - 1,32 €",0.75
D Dzēriens Pepsi Max Gāz.1l Pet,‌,0.89
Nektārs Cido Exclusive Mango 1l,"2,65 € - 2,72 €",1.89
Ikru Pasta Norven Atlant. Zivju Baltajā Mērcē Ar Garn. 160g,"2,69 € - 2,99 €",2.29
Ikru Pasta Norven Atl. Zivju Baltajā Mērcē Ar Kūp. Lasi 160g,"2,69 € - 2,99 €",2.29
D Enerģijas Dzēr.red Bull Apricot Strawberry 250ml Can,‌,1.19
Nektārs Cido Greipfrūtu 60% 1l,"2,36 € - 2,45 €",1.65
D Alus Lielvārdes Kvasa 4.6% 0.5l Stikls,"1,99 € - 2,08 €",1.15
Matu Krāsa Palette  10-19 Vēsi Sudraba Blonds,"3,89 € - 4,29 €",3.39
Matu Krāsa Palette  3-65 Tumšā Šokolāde,"3,89 € - 4,29 €",3.39
Vīns B. Don Simon Nature Sauvignon Blanc 12.5% 0.75l,‌,4.59
Vīns S. Don Simon Nature Merlot 12.5% 0.75l,‌,4.59
Vīns S. Don Simon Nature Cabernet Sauvignon 12.5% 0.75l,‌,4.59
Milti Tip Top Kviešu 2kg,‌,1.89
Milti Opā  Kviešu 2kg,‌,1.25
Kausētais Siers Sn Ar Garnelēm 150g,"1,85 € - 1,99 €",1.49
Kausētais Siers Sn Ar Sēnēm 150g,"1,79 € - 1,85 €",1.49
Kausētais Siers Sn Klasiskais 150g,"1,79 € - 1,85 €",1.49
Vīns S. Baile Bravo 11% 0.75l Pussalds,‌,3.99
Vīns B. Baile Bravo 11% 0.75l Pussalds,‌,3.99
Zobu Pasta Woom White 75ml,"6,99 € - 7,99 €",4.89
Zobu Pasta Woom Carbon 75ml,"6,99 € - 7,99 €",4.89
Zobu Pasta Woom Family Sensitive 75ml,"3,99 € - 4,09 €",2.79
Zobu Pasta Woom Junior Cola 6+gadi 50ml,"5,99 € - 6,15 €",4.19
Zobu Pasta Woom Family Whitening 75ml,"3,99 € - 4,09 €",2.79
Zobu Birste Woom Charcoal Soft,"3,69 € - 3,79 €",2.58
Zobu Birste Woom Kids Extra Soft 2-6gadi,"3,69 € - 3,79 €",2.58
Zobu Birste Woom Rozā Ultra Soft,"3,69 € - 3,99 €",2.58
Zobu Diegs Woom Carbon+expanding 30m,"4,69 € - 4,79 €",3.28
Saldais Biezpiens Baltais Tutti Frutti 180g,"1,29 € - 1,49 €",0.99
Šampūns Head&shoulders  2in1 Classic Clean 330ml,‌,4.69
Saldējums Magnum Almond 83g,‌,1.29
Vīns B. Florecampo Pinot Grigio Igt 12% 0.75l,"8,79 € - 8,97 €",5.89
Saldējums Magnum Multipack Mini Mix 6x55g,‌,5.99
Saldējums Magnum Euphoria Pink Lemonade 70g,‌,1.29
Saldējums Karlsons Dzērveņu 80g,"0,99 € - 1,19 €",0.59
Gaļa Rm Zemnieku Gaumē Sver.,"8,39 € - 10,39 €",6.89
Košļājamas Konfektes Skittles Wild Berry 95g,"1,89 € - 2,19 €",1.59
Košļājamas Konfektes Skittles Crazy Sours 95g,"1,89 € - 2,19 €",1.59
Košļājamas Konfektes Skittles Fruits 95g,"1,89 € - 2,19 €",1.59
Gaļa Rm Zemnieku Gaumē Fas.sver.,"8,39 € - 10,39 €",6.89
Zobu Pasta Blanx Classic Balinošā Advance Whitening 75ml,‌,3.89
Krēms Rokām Un Kājām Vita 80g,‌,1.25
Līdzeklis Acu Un Make Up Kosmētikas Noņemšanai Nivea 125ml,"5,61 € - 6,11 €",4.61
Dezodorants Nivea Fresh Natural Rullītis Siev.50ml,"3,19 € - 3,49 €",2.79
Dezodorants Nivea Black&white Clear Zīm.siev.50ml,"3,19 € - 3,49 €",2.79
Dezodorants Nivea Men Black&white Original Zīm.vīr.50ml,"3,19 € - 3,49 €",2.79
Dušas Želeja  Nivea Apricot 500ml,"4,49 € - 4,89 €",3.99
Dušas Želeja Nivea Star Fruit 500ml,"4,49 € - 4,89 €",3.99
Dušas Želeja Nivea Men Active Clean Vīr.500ml,"4,49 € - 4,89 €",3.99
Losjons Pēc Skūšanās Nivea Men Fresh Kick 100ml,"9,53 € - 11,53 €",8.03
Krēms Rokām Nivea Refreshing Care Aloe Vera 75ml,"2,55 € - 2,85 €",2.15
Lūpu Balzams Nivea Watermelon Shine 4.8g,"2,73 € - 3,03 €",2.33
Gaļas Bumbiņas Rakvere 300g,"2,89 € - 2,99 €",2.19
Pastēte Tip Top Aknu 180g,‌,1.29
Vafeļu Konfektes Pergale Fortūna Sver.,‌,5.99
Veļas Pulveris Purox Universal 5.5kg 66mr,"9,79 € - 10,19 €",7.35
Veļas Pulveris Purox Color 5.5kg,"9,79 € - 10,19 €",7.35
Trauku Mazg.mašīnai Tīrīšanas Līdzeklis Somat 3gab,"8,69 € - 8,89 €",4.75
Bietes Tip Top Vārītas Apaļās 500g,‌,0.95
Bietes Tip Top Vārītas Grieztas 500g,‌,0.99
Kafija Malta Löfbergs Inferno Extra Dark Ra 450g,‌,6.99
Kafijas Pupiņas Löfbergs Espresso Ra 1kg,"34,99 € - 35,69 €",17.99
Kāposti Dimdiņi Spicie Skābēti Ar Burkāniem Marinādē 850g,‌,1.15
D Enerģijas Dzēr.monster Green Zero 500ml Can,"1,75 € - 1,83 €",0.99
Kūka Staburadze Kamenīte 320g,"3,79 € - 4,19 €",3.29
Sausmaizītes Selga Nature Ar Timiānu Un Sēklām 200g,"2,79 € - 3,09 €",2.39
Siers Maasdamer Smiltene Šķēlēs 150g,‌,1.79
Viskijs Label 5 Classic 40% 0.2l,‌,4.49
Cepumi Tip Top Iemīļotie 180g,‌,0.62
Cepumi Tip Top Iemīļotie Ar Iebiezinātā Piena Garšu 180g,‌,0.62
Nūdeles Reeva Ar Vistas Garšu 85g,"0,99 € - 1,25 €",0.79
Nūdeles Reeva Ar Liellopa Garšu 85g,"0,99 € - 1,25 €",0.79
Sviests Cesvaine Ar Ceptiem Sīpoliem 82% 165g,"2,99 € - 3,49 €",1.89
D Alus Kokteilis Solveza Rosado 4.5% 0.33l Stikls,‌,1.05
D Alus Solveza Agave Lemon 6% 0.33l Stikls,‌,1.05
Cepumi Sēnes Ar Balto Šokolādi 150g,"2,99 € - 3,49 €",1.59
Cepumi Sēnes Ar Piena Šokolādi 150g,"2,99 € - 3,49 €",1.59
Tēja Augļu Herbitum Ar Ingveru Un Citroniem 2gx20,"2,29 € - 2,39 €",1.59
Liķieris Moka Caramel Cream 25% 0.5l,‌,6.29
D Dzēriens Paw Patrol Ābolu Zemeņu Dzirkst.750ml Stikls,‌,2.29
D Dzēriens Lol Ābolu Citronu Dzirkst.750ml Stikls,‌,2.29
Ikdienas Ieliktnīši Carefree Cotton Feel Flexiform 56gab,"5,79 € - 6,59 €",3.29
Kafijas Kapsulas Lavazza A Modo Mio Oro 120g,‌,5.69
Kafijas Kapsulas Lavazza A Modo Mio Lungo Dolce 128g,"8,99 € - 10,19 €",5.99
Kafijas Kapsulas Lavazza A Modo Mio Intenso 120g,"8,99 € - 10,19 €",5.99
Šokolādes Batoniņš Bounty 5-paka 285g,"5,39 € - 5,52 €",3.69
Gaļas Bumbiņas Noo Bērniem Ar Sieru 300g,"2,79 € - 2,85 €",1.99
Kūciņas Tortīne Krēma Pikas Ar Šokolādes Garšas Glazūru 220g,"5,79 € - 6,49 €",3.99
Kūciņas Tortīne Krēma Pikas Ar Sāļo Karameli 220g,"5,79 € - 6,49 €",3.99
Dz.vīns Chateau De Mauny Cremant Loire Blanc  12.5% 0.75l,"13,99 € - 14,27 €",9.99
Saldais Biezpiens Baltais Ar Rozīnēm 180g,"1,29 € - 1,49 €",0.99
Dz.vīns Blason Rouge Cremant De Limoux 12% 0.75l,"16,99 € - 17,32 €",12.99
D Alus Tērvete Vieglais 3.5% 0.5l Stikls,‌,1.09
Cepamais Pulveris Dr.oetker 30g,"0,41 € - 0,59 €",0.29
Cukurs Dr.oetker Vanilīna 16g,"0,36 € - 0,49 €",0.30
Cukurs Dr.oetker Kanēļa 20g,"0,43 € - 0,49 €",0.34
Soda Dr.oetker 70g,"0,69 € - 0,79 €",0.55
Siers Tip Top Tilzītes  Šķēlēs 500g,‌,3.99
Siers Tip Top Holandes Šķēlēs 500g,‌,3.99
Saldējums Ekselence Valrieksti Ar Kļavas Sīrupu 250g,"5,69 € - 5,89 €",3.49
Saldējums Ekselence Rīgas Menais Balzāms Un Braun. Cep. 250g,"5,69 € - 5,89 €",3.49
Saldējums Tip Top Plombīra Uz Kociņa 60g,‌,0.59
Saldējums Tip Top Šokolādes Uz Kociņa 60g,‌,0.59
Sald. Maizītes Izcep Pats Kanēļa 320g,‌,3.19
Šokolādes Batoniņš Twix 5paka 250g,"4,65 € - 5,39 €",3.69
Šokolādes Batoniņš Snickers 5pakas 250g,"4,65 € - 5,39 €",3.69
Desiņas Pekpol Kabanos Klasiskās Xxl 360g,‌,2.79
Baterijas Energizer Max Aa 1.5v 4+2gab,‌,3.45
Cepumi Zooloģiskie 300g,"1,29 € - 1,49 €",0.99
Autiņbiksītes Huggies Extra Care S2 3-6kg 24gab,"7,69 € - 7,85 €",5.39
Salvetes Kosmētiskās Opā! 2kārtas 150gab,‌,1.09
Tualetes Papīrs Tip Top 3kārtas 16ruļļi,‌,4.99
Jogurts Baltais Saldā Krējuma Ar Zemenēm 400g,"1,49 € - 1,79 €",1.19
Higiēniskās Paketes Bella White Normal 10gab.,‌,0.89
Saldējums Tio Plombīrs Vaf. Glāzītē 75g,‌,0.69
Tortillas  Santa Maria Kviešu Un Kukurūzas Vidējās 336g,‌,1.69
Tualetes Bloks Bref Color Aktiv Eucaliptus 50g,"2,29 € - 2,59 €",1.99
Siers Cesvaine Ar Tomātiem Un Ķiplokiem Šķēlēs 150g,"2,99 € - 3,05 €",1.99
St.alk.dz. Arsenič Upeņu 40% 0.5l,‌,8.29
Bekons Rakvere Amerikāņu Gaumē Auksti Kūpināts Šķēlēs 150g,‌,1.99
Degvīns Finlandia Cranberry 37.5% 1l,"19,99 € - 20,39 €",15.29
Barība Suņiem Sausā Darling Liellops 10kg,"19,99 € - 25,59 €",17.89
Barība Suņiem Sausā Darling Vista-dārzeņi 3kg,‌,6.59
Barība Suņiem Sausā Darling Gaļas Izl.dārzeņi 3kg,‌,6.59
Desa Nākotne Lauku Pusžāvēta 300g,"1,89 € - 2,19 €",1.59
Siers Goat Farm Kazas Piena Šķēlēs 100g,"2,59 € - 2,69 €",1.99
Pipari Ķiršu Grikios Siera Pildījumu 200g,"2,99 € - 3,29 €",2.59
Rudzu Maize Druva Spēkavota Puse 390g,‌,0.99
Dz.vīns Fortunata Salds 10% 0.75l,‌,3.19
Surimi Nūjiņas Viči Dzesētas 300g,"2,99 € - 3,29 €",2.59
Kotletes Rīgas Miesnieks Požarska Cāļa Filejas 350g,‌,1.99
Filejas Gabaliņi Bauska Broilera Cream Sauce 500g,"5,99 € - 6,19 €",4.19
Sviests Goat Farm Kazas 85% 125g,"2,39 € - 2,89 €",1.99
Makaroni Tip Top Fusilli 400g,‌,0.89
Makaroni Tip Top Cornetti Rigati 400g,‌,0.89
Makaroni Tip Top Penne Rigate 400g,‌,0.89
Saldējums Tip Top Šokolādes 240g,‌,1.49
Saldējums Tip Top Plombīra 240g,‌,1.49
Desa Rīgas Miesnieks Doktora Ekstra 1kg,"5,99 € - 6,49 €",4.99
Cīsiņi Rīgas Miesnieks Hot-dog Xl 1kg,"3,99 € - 4,49 €",2.99
Makaroni Tip Top Spaghetti Nr.7 400g,‌,0.89
Biezenis Rūdolfs Ābolu Melleņu 4+ 190g,"1,89 € - 2,19 €",1.59
Biezenis Rūdolfs Dārzeņu Ar Lasi Un Makaroniem 8+ 190g,"2,02 € - 2,32 €",1.72
Biezenis Rūdolfs Burkānu Ķirbju Kartupeļu 4+ 190g,"1,75 € - 2,05 €",1.45
Dz.vīns Mionetto Prosecco Doc Brut 11% 0.75l,"9,99 € - 10,19 €",6.89
D Dzēriens Orn Craft Toniks Rose Gāz.1.5l Pet,‌,1.39
D Dzēriens Orn Craft Toniks Indian Gāz.1.5l Pet,‌,1.39
D Limonāde Klasiskā Gāz.1.5l Pet,‌,0.95
D Alus Valmiermuiža Gaišais 5.2% 0.5l Stikls,‌,1.89
D Sula Very Berry Dzērveņu 100% 330ml Stikls,"3,99 € - 4,07 €",2.99
Jogurts Dzeramais Baltais Oga Mango 1kg,‌,1.49
Dzeramais Jogurts Alma Ar Zemenēm Un Nektarīniem 900g,"1,69 € - 1,99 €",1.39
D Ūdens Lielbāta Negāz.1.5l Pet,"1,15 € - 1,21 €",0.79
D Dzēriens Mežezers Zelta Dzirkstošs 750ml Stikls,‌,2.35
D Dzēriens Mežezers Cidoniju Gāz.500ml Stikls,"2,19 € - 2,23 €",1.79
D Dzēriens Coca Cola Gāz.1l Pet,"1,89 € - 1,99 €",1.15
D Minerālūdens Venden Negāz.1.5l Pet,"0,79 € - 0,81 €",0.59
D Minerālūdens Venden Gāz.1.5l Pet,"0,79 € - 0,81 €",0.59
D Minerālūdens Venden Viegli Gāz.1.5l Pet,"0,79 € - 0,81 €",0.59
D Alus Tērvete Senču 4.5% 0.5l Stikls,‌,1.25
D Alus Tērvete Tērvetes 5.3% 0.5l Stikls,‌,1.37
D Enerģijas Dzēr.battery 500ml Can,"1,44 € - 1,59 €",0.99
D Enerģijas Dzēr.battery 330ml Can,‌,0.79
Valrieksti Alis Co Lobīti 500g,"5,79 € - 6,29 €",4.79
Buljons Maggi Vistas Ar Dillēm Un Pēters. 120g,"1,29 € - 1,49 €",0.99
Buljons Maggi Kostilja Bagātīgs Liellopa 120g,"1,49 € - 1,79 €",1.19
Buljons Gallina Blanca Dārzeņu 10gx12,‌,0.89
Buljons Gallina Blanca Vistas Ar Dillēm Un Pētersīļ. 10gx12,‌,0.89
Siļķu Filejas Kaija Gardums Atlantijas Marinādē 250g,"2,29 € - 2,59 €",1.99
Siļķu Filejas Kaija Gardums Atlantijas Eļļā 250g,"2,29 € - 2,59 €",1.99
D Alus Salitos Tequila 5.9% 0.33l Stikls,‌,1.49
Makaroni Knorr Ar Sieru Un Garšaugiem 59g,‌,1.49
Kartupeļu Biezenis Knorr Ar Bekonu Un Sīpoliem 51g,‌,1.49
Makaroni Knorr Ar Siera Mērci 55g,‌,1.49
Barība Suņiem Kons.primadog Ar Liellopu Gaļu 600g,"4,25 € - 4,79 €",3.19
Smiltis Kaķiem Primacat Ar Ābolu Smaržu Cementējošas 5l,"5,59 € - 6,55 €",4.19
Siers Džiugas Delicate Drupināts 18 Mēn. 40% 100g,‌,2.59
Sald. Pica Dr. Oetker Feliciana Četru Sieru 325g,"3,39 € - 3,69 €",2.99
Siers Cesvaines Piens Ar Ceptiem Sīpoliem Šķēlēs 150g,"2,69 € - 2,95 €",1.99
D Alus Kokt.valmiermuiža Frišs Plūškoku 2.8% 0.5l Stikls,‌,1.79
Siers Cesvaine Tilzītes  200g,"3,19 € - 3,59 €",2.39
Saldējums Druva Ar Rozīnēm Glāzītē 70g,‌,0.59
Vīns S. Don Simon Premium Cabernet Sauvignon 12% 1l,"6,22 € - 6,35 €",5.29
Vīns B. Don Simon Premium Chardonnay 11.5% 1l,"6,22 € - 6,35 €",5.29
Vīns S. Teliani Valley Old Gruzia Alazani 12% 0.75l,‌,5.99
Vīns S. Maori Bay Shiraz 13.5% 0.75l,‌,5.99
Vīns B. Maori Bay Chardonnay 13% 0.75l,‌,5.99
Vīns B. Maori Bay Pinot Grigio 11.5% 0.75l,‌,5.99
D Alus Lielvārdes Tradicionālais 5% 0.5l Stikls,‌,0.97
D Ledus Tēja Nestea Citronu 1.5l Pet,"1,95 € - 1,99 €",1.49
Miltu Maisījums Dobele Ātrā Kūka 400g,"1,14 € - 1,34 €",0.84
Miltu Maisījums Dobele Vafeļu 500g,"1,44 € - 1,74 €",1.14
Siers Smiltene Liesais Sķēlēs 150g,‌,1.79
Olīvas Itlv Zaļās Pildītas Ar Omāru Pastu 300g,"2,49 € - 2,55 €",1.79
Olīvas Itlv Zaļās Bez Kauliņiem 300g,"2,49 € - 2,55 €",1.79
Olīvas Itlv Melnās Super Bez Kauliņiem 350g,"2,49 € - 2,55 €",1.79
Ķiploki Smak Konservēti Marinēti 190g,"2,35 € - 2,45 €",1.65
D Alus Corona Extra 4.5% 0.355l Stikls,"1,69 € - 1,83 €",1.39
Sald. Pākšu Pupiņas Pinguin Zaļās Grieztas 450g,‌,0.99
D Alus Tip Top Gaišais 4.2% 0.568l Can,‌,0.85
Porciju Maize Maiziņš Siera 200g,"1,39 € - 1,69 €",1.09
Kāposti Dimdiņi Štovēti 700g,‌,1.99
D Minerālūdens Nabeghlavi Gāz.1l Pet,‌,0.99
D Dzēriens Akvile Citronu Viegli Gāz.1.5l Pet,‌,0.79
D Alus Bezalk.mežpils 0.5% 0.5l Stikls,‌,1.09
D Alus Tuborg 4.6% 0.568l Can,‌,0.79
Rīsi Zelta Saule Ekstra 1kg,"1,99 € - 2,29 €",1.69
Zupa Kronis Zirņu 470g,"3,09 € - 3,19 €",1.39
Higiēniskās Paketes Kotex Ultra Normal Double 16gab.,"1,79 € - 2,09 €",1.49
Barība Kaķiem Kons.one Junior Ar Vistas G.burkāniem 85gx4,"4,29 € - 4,99 €",2.55
D Sulas Dzēriens Tymbark Ābolu Arbūzu 250ml Stikls,"1,18 € - 1,19 €",0.69
Ikdienas Ieliktnīši Discreet Waterlily 60gab.,‌,2.79
D Dzēriens Pepsi Max Gāz.1.5l Pet,‌,1.09
D Dzēriens Pepsi Gāz.1l Pet,‌,0.89
Ikdienas Ieliktnīši Carefree Plus Long Fresh 40gb,"5,69 € - 5,99 €",3.29
Kruasāns Monmio Ar Zemeņu Pildījumu 45g,"0,59 € - 0,79 €",0.29
Kruasāns Monmio Ar Šokolādes Pildījumu 45g,"0,59 € - 0,79 €",0.29
Sald. Pica Dr.oetker Ristorante Speciale 345g,"4,99 € - 5,29 €",2.99
Konservi Pastēte Kaija Tunča Vidusjūras Gaumē 125g,‌,1.89
Konservi Pastēte Kaija Tunča Āzijas Gaumē 125g,‌,1.89
D Enerģijas Dzēr.red Bull Sugar Free 250ml Can,‌,1.19
Kafijas Kapsulas Aroma Gold Dg Flat White 187.2g,"7,59 € - 8,49 €",5.39
Mērce Ben's Original Ananasu 400g,"2,99 € - 3,39 €",2.19
Mērce Pūre Sweet Asia 280g,"1,99 € - 2,09 €",1.49
Zobu Pasta Blend-a-med A-cavity Family Protect 75ml,‌,1.15
Zobu Pasta Blend-a-med A-cavity Original 75ml,‌,1.15
Autiņbiksītes Huggies Extra Care S3 6-10kg 72gab,"21,85 € - 24,49 €",15.99
Pusspārni Rīgas Miesnieks Cāļa Pikantie 400g,‌,2.39
D Enerģijas Dzēr.battery Peach Raspberry 500ml Can,"1,55 € - 1,59 €",0.99
D Enerģijas Dzēr.battery Stawberry Lime 500ml Can,"1,55 € - 1,59 €",0.99
Biezpiens Limbažu Piens 9% 170g,‌,0.89
Tamponi O.b. Pro Comfort Normal 16gab,"3,69 € - 4,09 €",3.19
Tamponi O.b. Pro Comfort Super 16gab,"3,69 € - 4,09 €",3.19
Baltmaize Opā 300g,‌,0.39
Eļļa Tip Top Saulespuķu 1l,‌,1.99
Brendijs Magistr Vs 30% 0.5l,"10,99 € - 11,19 €",7.99
Laša Fileja Zigmas Auksti Kūp. 160g,‌,4.59
Laša Fileja Zigmas Mazsālīta 160g,"5,49 € - 6,29 €",4.59
Džins Strange Luve Gin Pink 40% 0.7l,"22,49 € - 22,92 €",15.99
Rums Colonist Premium Spiced Black 40% 0.7l,"15,99 € - 16,32 €",12.99
Rums Colonist Premium Dark 40% 0.7l,"15,99 € - 16,32 €",12.99
Rolmopši Kaija Siļķu Marinādē 480g,‌,2.99
Papīra Dvielis Opā 2 Kārtas 1 Rullis 300 Lapas,‌,1.89
Kafija Šķīstošā Nescafe Caramel 3in1 16gx10 Maiss,"2,99 € - 3,49 €",1.99
Veļas Mazg.līdz.purox Universal 1l,"2,09 € - 2,19 €",1.55
Zobu Pasta Splat Professional White Plus 100ml,"3,39 € - 3,69 €",2.99
Zobu Pasta Splat Professional Ultracomplex 100ml,"3,39 € - 3,69 €",2.99
Tīr.līdzeklis Ajax Universāls Jasmin 1l,"2,89 € - 3,19 €",2.49
Eļļa Bionaturalis Kokosriekstu Org.auksti Spiest.neraf.250ml,"6,99 € - 11,05 €",4.89
Čipsi Estrella Ar Bekona Garšu 180g,‌,1.69
Dezodorants Rexona Sexy Izsmidz. Siev. 150ml,‌,2.79
Losjons Pēc Skūšanās Old Spice Whitewater 100ml,‌,5.99
Dezodorants Nivea Pearl Beauty Izsmidz.siev.150ml,"3,19 € - 3,49 €",2.79
Micelārais Ūdens Nivea Sensitive Skin 200ml,"5,43 € - 5,93 €",4.43
D Alk.kokt.cēsu Džons Green Lime 5% 1l Pet,"3,39 € - 3,45 €",2.35
D Alk.kokt.cēsu Džons Ar Greipfrūtu Garšu 5% 1l Pet,"3,39 € - 3,45 €",2.35
D Alk.kokt.cēsu Džons Blue Ice 5% 1l Pet,"3,39 € - 3,45 €",2.35
Cīsiņi Tip Top Doktora Mini 300g,‌,1.69
Krekeri Pētergailis Klasika 70g,‌,0.59
Krekeri Pētergailis Ar Krējuma Sīpolu Garšu 72g,‌,0.59
D Dzēriens Mežezers Citronu Spritz Dzirkstošs 750ml Stikls,"4,59 € - 4,68 €",2.69
Eļļa Costa Doro Olīvu Pomace 500ml,"5,99 € - 6,49 €",4.99
Kafijas Pupiņas Merrild Barista Cremoso 1kg,"34,99 € - 35,69 €",18.99
D Ledus Tēja Arizona Zero Sugar Ar Medu 450ml Pet,"1,49 € - 1,52 €",1.19
Veļas Pulveris Ariel Color 1.1kg 20mr,"8,29 € - 10,29 €",6.59
Veļas Pulveris Ariel Mountain Spring 1.1kg 20mr,"8,29 € - 10,29 €",6.59
Vafeles Lea Life Ar Vaniļas Pildījumu 95g,"1,59 € - 1,62 €",1.09
Kāposti Tip Top Skābēti Ar Burkāniem 900g,‌,2.19
Rums Kraken Black Spiced 40% 0.7l,"36,55 € - 37,79 €",20.99
Giross Nākotne Vistas 220g,"3,05 € - 3,35 €",2.65
Papīra Dvieļi Grite Family 2 Kārtas 2ruļļi,"1,45 € - 1,75 €",1.19
Tīr.līdzeklis Ajax Universāls Floral Fiesta Zaļš 1l,"2,89 € - 3,19 €",2.49
Konservi Lasis Kaija Savā Sulā Zupas Izlase 240g Eo,‌,1.29
Šampinjoni Bonduelle Marinēti Traditional 540g,‌,3.75
Skūšanās Želeja Gillete Sc Jūtigai Ādai Siev.200ml,"5,35 € - 5,85 €",4.35
Zobu Diegs Essential Floss Piparmētru Ar Vasku 50m,‌,2.15
Degvīns Arsenič 40% 0.7l,"14,49 € - 14,79 €",10.69
Degvīns Arsenič 40% 0.5l,‌,7.49
Brendijs Imperial Xii Vsop 36% 0.7l,‌,11.49
Viskijs Ballantines 40% 0.7l,"16,99 € - 19,09 €",13.59
Saldējums Karlsons Aveņu 80g,"0,99 € - 1,19 €",0.59
Karstvīns Hauser Gluhwein 8.5% 1l Tetra,‌,3.49
Viskijs Label 5 Classic 40% 0.7l,‌,12.99
Vīns S. Jacob`s Creek Shiraz Cabernet 13.5% 0.75l,"8,65 € - 8,82 €",7.49
Milti Herkuless Kviešu Augstākā Labuma 2kg,"1,99 € - 2,29 €",1.69
Piens Limbažu Piens 2.5% 1l,"1,27 € - 1,47 €",0.99
Dz.vīns Bosca Anniversary Gold Label Sweet 7.5% 0.75l,"4,29 € - 4,39 €",3.69
Želejkonfektes Fini Slieka 90g,"1,19 € - 1,39 €",0.89
Jogurts Dzeramais Oga Zemeņu 1kg,‌,1.49
Jogurts Dzeramais Oga Persiku 1kg,‌,1.49
Jogurts Dzeramais Oga Melleņu 1kg,‌,1.49
Sviests Exporta 82.5% 200g,‌,1.55
Salami Noo Vasaļu Ar Melnajiem Pipariem Vārīta Šķēlēs 90g,"2,19 € - 2,29 €",1.59
Cigārdesiņas Noo Parmezana Snack 85g,"1,99 € - 2,15 €",1.49
Miltu Maisījums Dobele Pankūkas Plānās 400g,"1,09 € - 1,29 €",0.79
Miltu Maisījums Dobele Pankūkas Iecienītās 400g,"0,94 € - 1,14 €",0.64
Miltu Maisījums Dobele Mājas Kēkss 450g,"1,29 € - 1,49 €",0.99
Miltu Maisījums Dobele Citronu Kēkss 450g,"1,24 € - 1,44 €",0.94
Brendijs Ararat 5 Zvaigznes 40% 0.7l,"17,99 € - 20,19 €",16.19
Brendijs Ararat 3 Zvaigznes 40% 0.7l,"16,99 € - 19,09 €",15.99
Kokosriekstu Piens Santa Maria Oriģinālais 250ml,‌,1.99
Brendijs Askaneli 3yo 40% 0.5l,"11,99 € - 12,25 €",10.59
Rūgtā Šokolāde Roshen Porainā 80g,"1,92 € - 2,19 €",1.49
Piena Šokolāde Roshen Porainā 80g,"2,19 € - 2,29 €",1.49
Baltā Šokolāde Roshen Porainā 80g,"1,92 € - 2,19 €",1.49
Piens Marge 2% 1l Uht,‌,1.39
Dz.vīns Botter Prosecco Spumante Doc 11% 0.75l,‌,6.99
Sald. Kartupeļi Aviko Frī Original Gratis +20% 900g,"3,39 € - 3,69 €",2.99
Karameles Werthers Original Krējuma 135g,"2,89 € - 3,39 €",1.99
Čipsi Estrella Ar Lauku Krējuma Un Sīpolu Garšu 130g,"1,99 € - 2,29 €",1.69
Konservi Tuncis Kaija Aromātiskā Augu Eļļā 160g,"3,69 € - 4,09 €",2.79
Saldējums Baltija Vaniļas 95g,"1,29 € - 1,49 €",0.99
Viskijs Black Ram 40% 0.2l,‌,4.09
Košļājamā Gumija Juicy Fruit Tape Cola 56g,"2,09 € - 2,39 €",1.79
Košļājamā Gumija Juicy Fruitt Tape Fancy Fruit 56g,"2,09 € - 2,39 €",1.79
Autiņbiksītes Huggies Extra Care S1 2-5kg 26gab,"6,29 € - 6,99 €",4.39
Jogurta Dzēriens Super Brokastis Ar Marakuju Un Čia 700g,‌,1.59
Jogurta Dzēriens Super Brokastis Ar Mango Un Čia Sēklām 700g,‌,1.59
Skābais Krējums Baltais 25% 500g,"3,05 € - 3,29 €",2.39
Kupāti Forevers Fas. Sver.,"5,99 € - 6,79 €",3.99
Ūdens Mīkstinātājs Calgon 500g,‌,4.79
Cepampelmeņi Rīgas Miesnieks Ar Gaļu Sieru 450g,"3,99 € - 4,49 €",2.99
Degvīns Finlandia 40% 1l,"19,99 € - 20,39 €",15.29
Balzams Rīgas Melnais 45% 0.5l,"12,49 € - 14,79 €",10.99
Degvīns Moskovskaya Osobaja 40% 0.5l,"7,72 € - 8,15 €",7.89
St.alk.dz.bonaparte 38% 0.5l,‌,7.29
St.alk.dz.hektors 32% 0.5l,‌,5.99
Kartupeļu Biezenis Maggi Ar Dillēm Un Sviestu 35g,"0,85 € - 1,05 €",0.55
Želatīns Santa Maria 25g,"1,09 € - 1,36 €",0.92
Garšviela Santa Maria Krustnagliņas 10g,"1,39 € - 1,69 €",0.95
Želejkonfektes Haribo Primavera Zemeņu 100g,"1,45 € - 1,75 €",1.15
Želejkonfektes Haribo Goldbaren 100g,"1,45 € - 1,75 €",1.15
Konservi Rgk Tūristu Brokastis Cūkgaļas 250g,‌,1.29
Konservi Rgk Cūkgaļa Ar Pupiņām 250g,‌,1.29
Dezodorants Rexona Cobalt Izsmidz. Vīr.150ml,"4,79 € - 4,89 €",2.79
Dezodorants Rexona Aloe Vera Rull.siev.50ml,"4,79 € - 4,89 €",2.79
Dezodorants Rexona Aloe Vera Izsmidz. Siev. 150ml,"4,79 € - 5,29 €",2.79
Gaļa Rgk Pīrādziņu Kubiciņos 350g,"2,29 € - 2,59 €",1.99
St.alk.dzēr.captain Morgan Spiced Gold 35% 0.7l,‌,12.49
Cīsiņi Rīgas Miesnieks Cāļa 500g,‌,1.69
Garšviela Santa Maria Šašlikam 45g,"0,93 € - 1,03 €",0.69
Matu Krāsa Palette 10-2 Īpaši Pelnu Blonds,"3,89 € - 4,29 €",3.39
Matu Krāsa Palette C1 Zilganmelns,"3,89 € - 4,29 €",3.39
Matu Krāsa Palette 1-0 Melns,"3,89 € - 4,29 €",3.39
Jogurts Dzeramais Activia Ar Zemenēm Kivi 300g,"1,39 € - 1,69 €",0.99
Trifeles Pergale Oriģinālās 200g,"2,99 € - 3,29 €",2.59
Konfekšu Kārba Fazer Geisha 150g,‌,3.59
Liķieris Vana Tallinn 40% 0.5l,"12,99 € - 13,25 €",8.99
Nektārs Cido Exclusive Granātābolu 30% 1l,"2,79 € - 2,85 €",1.89
D Enerģijas Dzēr.monster Throttle Zero 500ml Can,"1,75 € - 1,83 €",0.99
Kafija Šķīstošā Nescafe Creamy Latte 3in1 15gx10 Maiss,"2,99 € - 3,49 €",1.99
Siers Džiugas Rīvēts Picai 200g,‌,2.59
Siers Džiugas Rīvēts Makaroniem  200g,‌,2.59
Konfekte Muižkungu Karameļu Cukurgailītis 18.5g,"0,69 € - 0,89 €",0.39
Uzkoda Pilngraudu Semper Eko Ar Zemeņu Garšu 9+ 18g,"2,30 € - 2,35 €",1.50
Uzkoda Pilngraudu Semper Eko Ar Mango Garšu 9+ 18g,"2,30 € - 2,35 €",1.50
Autiņbiksītes Sleepy Natural Pants Maxi S4 7-14kg 30gab.,‌,4.99
Autiņbiksītes Sleepy Natural Pants Junior S5 11-18kg 24gab.,‌,4.99
Biezputra Rīsu Rūdolfs Ar Meža Ogām 4+ 190g,"1,89 € - 2,19 €",1.59
D Sula Rūdolfs Ābolu Burkānu 4+260ml,"1,59 € - 1,89 €",1.29
Sald. Dārzeņi Frozana Pavasara Maisījums 400g,"1,49 € - 1,79 €",1.19
Čipsi Ādažu Sirsniņas 100g,"1,79 € - 2,09 €",1.29
Degvīns Vechirnja Charka Na Moloke 40% 0.7l,‌,10.99
Nūdeles Knorr Ramen Ar Sieru 61g,‌,0.69
Nūdeles Knorr Ramen Tomātu 65g,"1,09 € - 1,15 €",0.69
Kečups Spilva Tomātu Oriģinālais 1kg,"3,39 € - 3,69 €",2.99
Nūdeles Knorr Ramen Vistas 61g,‌,0.69
Čipsi Santa Maria Kukurūzas Ar Sieru 185g,"1,99 € - 2,49 €",1.39
Skuvekļi Gillette Blue Ar Mitr.strīpu Vienreizliet.vīr.5gab.,"2,09 € - 2,39 €",1.79
Šokolādes Batoniņš Kit Kat Four Fingers 41.5g,"1,19 € - 1,39 €",0.89
Saulespuķu Sēklas Y.e.s. Ar Siera Garšu 150g,"1,29 € - 1,49 €",0.99
Saldējums Mājas Plombīrs 445g,"6,99 € - 7,99 €",4.79
Sald. Dārzeņi Frozana Vecmāmiņas Dārzeņu Zupa 400g,"1,49 € - 1,79 €",1.19
Šķidrās Ziepes Dagne Ar Smiltsērkšķu Ekstr.500ml,‌,1.39
Dezodorants Nivea Black White Pure Rullītis Siev.50ml,"3,19 € - 3,49 €",2.79
Degvīns Moskovskaya Silver 40% 0.5l,"11,85 € - 12,09 €",7.89
Kafija Šķīstošā Jacobs Cronat Gold 100g Stikls,"7,25 € - 8,15 €",4.29
Kafija Šķīstošā Jacobs Kronung 200g Stikls,"15,89 € - 16,69 €",7.99
Siers Valio Holandes 500g,"4,49 € - 4,89 €",3.99
Jogurts Saldkrējuma Muah Stracciatella 380g,"1,75 € - 2,05 €",1.35
Jogurts Saldkrējuma Muah Creme Brulee Garšu 380g,"1,75 € - 2,05 €",1.35
Krēms Biezpiena Alma Straciatella 150g,"0,95 € - 1,15 €",0.65
Barība Kaķiem Kons.gourmet Gold Jērs Zaļās Pupiņas 85g,‌,0.55
Degvīns Perepjolka Klasična 40% 0.7l,"14,19 € - 14,47 €",10.79
Degvīns Perepjolka Klasična 40% 0.5l,‌,8.19
Liķieris Moka Hazelnut 25% 0.5l,‌,6.29
Cepumi Hit Ar Kakao Krēmu 220g,"1,89 € - 2,19 €",1.59
Cepumi Hit Ar Vaniļas Krēmu 220g,"1,89 € - 2,19 €",1.59
Cepumi Hit Ar Riekstu Krēmu 220g,"1,89 € - 2,19 €",1.59
Dušas Želeja Nivea Lemon Oil  250ml,"3,19 € - 3,49 €",2.79
Dezodorants Nivea Black White Izsmidz.siev.150ml,"3,19 € - 3,49 €",2.79
Dezodorants Nivea Black White Izsmidz.vīr.150ml,"3,19 € - 3,49 €",2.79
Siers Sn Čederas Šķēlēs 150g,"2,59 € - 2,69 €",1.99
Siers Sn Čederas Red 200g,‌,2.19
Biezputra Pilngraudu Auzu Rūdolfs 4+ 190g,"1,89 € - 2,19 €",1.59
Biezenis Rūdolfs Dārzeņu Ar Makaroniem Un Vistu 8+ 190g,"1,89 € - 2,19 €",1.59
Biezenis Rūdolfs Dārzeņu Ar Griķiem Un Jaunlopa Gaļu 6+ 190g,"1,89 € - 2,19 €",1.59
Biezenis Rūdolfs Cukini Ķirbis Kartupelis Ar Vistu 6+ 190g,"1,89 € - 2,19 €",1.59
Sald. Kartupeļu Daiviņas Aviko Pati Parts 600g,‌,2.19
Fileja Rīgas Miesnieks Sulīgā Broilera Sver.,"7,49 € - 9,49 €",5.99
Sald. Kruasāni Izcep Pats Mini Sviesta 9gab 300g,"3,19 € - 3,49 €",2.79
Skūšanās Želeja Gillette Sensitive Skin 200ml,"4,29 € - 4,69 €",3.79
Vīns S. Pirovano Montepulciano D Abbruzo Doc 13% 0.75l,‌,5.29
Vīns S. Pirovano Primitivo Puglia Igt 14% 0.75l,‌,6.59
Vīns B. Pirovano Pinot Grigio Delle Venezie Igt 12% 0.75l,‌,5.99
Vafeļu Torte Selga Moka 350g,"2,79 € - 3,09 €",2.39
Biezenis Rūdolfs Vistas Gaļas 6+ 120g,"2,45 € - 2,75 €",2.05
Biezenis Rūdolfs Jaunlopa Gaļas 6+ 120g,"2,59 € - 2,89 €",2.19
Viskijs Jameson 40% 0.7l,"20,49 € - 23,09 €",16.89
Saldējums Tip Top Šokolādes Garšas Vafeļu Glāzē  65g,‌,0.49
Cepamdesas Ādaži Mednieku 400g,‌,2.49
Saldējums Mr.big Van. Krēj. Šok. Glazūrā Uz Kociņa 90g,"1,09 € - 1,29 €",0.79
Kafijas Pupiņas Jacobs Kronung 1kg,‌,15.99
Sviests Estover Lauku 82% 150g,‌,0.99
Konjaks Meukow Deluxe 40% 0.7l,"38,99 € - 39,77 €",25.99
Vīns S. Augļu Kagors Sv.marija 12% 0.75l,‌,3.79
Kafijas Kapsulas Nescafe Dg Latte Machiatto 183.2g,"8,69 € - 9,89 €",6.49
Kakao Kapsulas Nescafe Dg Nesquik 256g,‌,5.99
Pelmeņi Tip Top Mini 700g,‌,2.59
Šokolādes Batoniņš Mars 51g,‌,0.95
Galetes Rice Up Brūno Rīsu Ar Melnajiem Rīsiem Bez Sāls 120g,"1,49 € - 1,79 €",1.19
Skuvekļi Gillette Venus Simply2 Vienreizliet.4 Gab.+2 Gab.,"3,69 € - 4,09 €",3.19
Pusspārni Nākotne Vistu Pikantie 250g,"2,79 € - 3,09 €",2.39
Dekors Dr.oetker Šokolādes Graudiņi 80g,"2,45 € - 2,99 €",1.56
Bulgurs Valdo Vidēja Maluma 125gx4,"1,99 € - 2,29 €",1.69
Garšviela Santa Maria Baziliks 6g,"1,89 € - 1,99 €",0.99
Maisījums Dr.oetker Saldā Krējuma Biezinātājs 9g,"0,35 € - 0,69 €",0.28
Desa Tip Top Auksti Kūpināta Šķēlēs 90g,‌,1.19
Gardums Suņiem Adventuros Nuggets 90g,"1,69 € - 1,99 €",1.39
Gardums Suņiem Adventuros Strēmeles 90g,"1,69 € - 1,99 €",1.39
Piens Tip Top 2.5% 1l,‌,0.95
Čipsi Santa Maria Načos Kukurūzas 185g,"2,15 € - 2,65 €",1.39
Gardums Kaķiem Dreamies Ar Vistu 60g,‌,1.29
Čipsi Pringles Ar Bbq Garšu 165g,‌,2.19
Sald. Pica Dr. Oetker Ristorante Mozzarella 335g,"4,99 € - 5,29 €",2.99
Zemesrieksti Jega Apvalkā Ar Bārbekjū Garšu 200g,‌,1.49
Barība Kaķiem Kons.gourmet Gold Savoury Vista Burkāni 85g,‌,0.55
Zemesrieksti Jega Apvalkā Ar Sīpolu Garšu 200g,"1,79 € - 2,09 €",1.49
Tīr.līdzeklis Ajax Logiem Zils 500ml,"2,59 € - 2,89 €",2.19
Tīr.līdzeklis Ajax Logiem Zaļš 500ml,"2,59 € - 2,89 €",2.19
